Count,Tradelist Count,Name,Edition,Edition Code,Card Number,Condition,Language,Foil,Signed,Artist Proof,Altered Art,Misprint,Promo,Textless,Printing Id,Printing Note,Tags,My Price,Scryfall ID
1,0,_____ Goblin,Unfinity,UNF,107,,English,,,,,,,,68628,,"",$0.00,5819e3f3-da49-4003-88ce-f3b7bb495787
1,0,Accelerated Mutation,Scourge,SCG,109,,English,,,,,,,,11610,,"",$0.00,282f808c-0b58-4b98-aeda-f606a10d1a4b
1,0,Accursed Centaur,Onslaught,ONS,123,,German,,,,,,,,9402,,"",$0.00,894556d8-6d5c-431b-a45d-26cd37c5f456
2,0,Accursed Centaur,Onslaught,ONS,123,,English,,,,,,,,9402,,"",$0.00,894556d8-6d5c-431b-a45d-26cd37c5f456
1,0,"Adamaro, First to Desire",Saviors of Kamigawa,SOK,91,,English,,,,,,,,13843,,"",$0.00,d2fa85ea-f5d5-4be3-a874-ce246c3e4245
1,0,Aether Sting,Urza's Destiny,CG,76,,German,,,,,,,,1562,,"",$0.00,66a09917-50ce-4b51-a5cf-e28e88a45762
1,0,Afflict,Tenth Edition,10E,125,,English,,,,,,,,2999,,"",$0.00,20f18447-2853-469b-b3b3-20d6bcafa6e7
2,0,Agent of Shauku,Prophecy,PR,55,,English,,,,,,,,8825,,"",$0.00,d8316804-6f8b-423e-a2c3-fa476c095544
1,0,Agonizing Demise,Duel Decks: Ajani vs. Nicol Bolas,DDH,66,,English,,,,,,,,19213,,"",$0.00,b7621aab-4839-45ef-bfa2-9aa2417bbec0
1,0,Air Elemental,Foundations Jumpstart,j25,284,,German,,,,,,,,98278,,"",$0.00,81ac7bdf-a722-4bed-b480-a1c2f80c5d64
1,0,Allied Strategies,Planeshift,PS,20,,German,,,,,,,,9286,,"",$0.00,51d4f211-10e8-486d-b982-287ab0c060c9
1,0,Alpha Kavu,Planeshift,PS,77,,German,,,,,,,,9559,,"",$0.00,545ed916-59fc-4c60-9260-8c2dc88e67a1
1,0,Amphibious Kavu,Planeshift,PS,78,,German,,,,,,,,9294,,"",$0.00,37d94fb2-958c-487e-9f64-52d2771c6ea4
1,0,Ana Disciple,Apocalypse,AP,73,,English,,,,,,,,9167,,"",$0.00,7efe00f9-bf42-4d6f-9a22-b357b1c1e092
1,0,Ancestral Mask,Wilds of Eldraine Commander,WOC,119,,German,,,,,,,,82461,,"",$0.00,0d75292c-cc03-4c40-be01-a8dba66b761c
2,0,Anurid Murkdiver,Onslaught,ONS,124,,English,,,,,,,,11649,,"",$0.00,9e43d62c-488a-4c8d-b193-bacbf8037761
1,0,Anurid Murkdiver,Onslaught,ONS,124,,German,,,,,,,,11649,,"",$0.00,9e43d62c-488a-4c8d-b193-bacbf8037761
3,0,Aphetto Dredging,Onslaught,ONS,125,,English,,,,,,,,11148,,"",$0.00,c4e7fadf-40f1-45ff-97ef-5830381accc9
1,0,Archery Training,Urza's Destiny,CG,2,,German,,,,,,,,3906,,"",$0.00,151232e6-68cc-4cac-a532-9ade8e925961
1,0,Arctic Merfolk,Planeshift,PS,21,,German,,,,,,,,9272,,"",$0.00,86369fe5-d86d-4f4c-8f3d-dedc174f2032
1,0,Armored Ascension,Magic 2011,M11,5,,German,,,,,,,,17471,,"",$0.00,5647c21e-5926-462c-8b01-862f8cedf777
1,0,Ashcoat Bear,Time Spiral,TSP,190,,English,,,,,,,,1070,,"",$0.00,9b7a6ab5-8a8f-492c-8484-3089354ce8cf
1,0,Ashen-Skin Zubera,Champions of Kamigawa,CHK,101,,English,,,,,,,,14307,,"",$0.00,40cee88d-849d-4715-ad88-7cdb855a3088
2,0,Ashen-Skin Zubera,Champions of Kamigawa,CHK,101,,German,,,,,,,,14307,,"",$0.00,40cee88d-849d-4715-ad88-7cdb855a3088
1,0,Assassinate,Time Spiral Remastered,TSR,101,,German,,,,,,,,55487,,"",$0.00,ac0a1dc6-215f-4738-8ae4-7b6aa1c7d80b
1,0,Awakener Druid,Magic 2011,M11,163,,German,,,,,,,,17347,,"",$0.00,e5ea3786-c64c-4e36-8b3b-19da0c0b46d3
1,0,Balduvian Barbarians,Ninth Edition,9ED,174,,English,,,,,,,,14392,,"",$0.00,caba00ff-df58-456e-8aeb-fc8b632018a6
1,0,Ballista Squad,Tenth Edition,10E,8,,German,,,,,,,,1698,,"",$0.00,a4d17394-b9c4-43f6-9a6d-2c7c7ecb1d74
1,0,Barkhide Mauler,Onslaught,ONS,246,,German,,,,,,,,10414,,"",$0.00,b9196ce7-3ff4-4dda-a628-559ada11c9ba
1,0,Battlefield Scrounger,Dominaria Remastered,DMR,150,,English,,,,,,,,73483,,"",$0.00,f5a9f234-c1c1-4b4b-8385-6e0ced9977f1
2,0,Battlegrowth,Mirrodin,MRD,113,,English,,,,,,,,12760,,"",$0.00,2b34e76b-86b3-464e-93e7-c3f2074028fb
1,0,Bear Cub,Foundations,fdn,552,,German,,,,,,,,97729,,"",$0.00,d8662ebb-068b-41d2-b504-4b5854e4d4aa
1,0,Beastmaster's Magemark,Guildpact,GPT,80,,English,,,,,,,,463,,"",$0.00,7b5eea61-373a-4bca-a793-d6be7f6214e2
1,0,Befoul,Champions of Kamigawa,CHK,102,,English,,,,,,,,13050,,"",$0.00,2dfff5d3-1433-4a24-83e6-6361a446b974
2,0,Befoul,Champions of Kamigawa,CHK,102,,German,,,,,,,,13050,,"",$0.00,2dfff5d3-1433-4a24-83e6-6361a446b974
1,0,Berserk Murlodont,Legions,LGN,117,,English,,,,,,,,11729,,"",$0.00,499c4674-dd9f-4848-8447-721f842a0213
1,0,Berserkers of Blood Ridge,Magic 2011,M11,124,,German,,,,,,,,17343,,"",$0.00,033fce45-20d8-48cc-96d3-7f16c99da83d
1,0,Bile Urchin,Betrayers of Kamigawa,BOK,61,,German,,,,,,,,13983,,"",$0.00,801c2b46-c7a7-44d6-ae38-5d34bf00c404
2,0,Birchlore Rangers,Onslaught,ONS,248,,English,,,,,,,,11186,,"",$0.00,8ce3a3a1-3569-4909-a604-f78d4888781e
1,0,Blaster Mage,Mercadian Masques,MM,175,,German,,,,,,,,8170,,"",$0.00,801b0fd1-bbb2-47c0-a4c3-4129a67473b9
1,0,Blastoderm,Nemesis,NE,102,,English,,,,,,,,8191,,"",$0.00,9db5d6c2-b11f-442a-b172-c0c99c9bec07
1,0,Blaze,Battlebond,BBD,167,,English,,,,,,,,38815,,"",$0.00,b16d0422-61ea-4039-b1c1-e590ace9156e
1,0,Blessing of Leeches,Betrayers of Kamigawa,BOK,62,,German,,,,,,,,13979,,"",$0.00,de0ba1cf-d913-4285-9d8b-38acf78cc45e
2,0,Blind Creeper,Fifth Dawn,5DN,42,,English,,,,,,,,13034,,"",$0.00,86d5440a-7460-4b4f-a167-a6c4fb2d855e
1,0,Blind Creeper,Fifth Dawn,5DN,42,,German,,,,,,,,13034,,"",$0.00,86d5440a-7460-4b4f-a167-a6c4fb2d855e
1,0,Blizzard Elemental,Urza's Destiny,CG,27,,German,,,,,,,,9378,,"",$0.00,5949c5a7-9656-466a-add8-1800973fefee
4,0,Blood Celebrant,Legions,LGN,61,,English,,,,,,,,11680,,"",$0.00,805de325-6f14-4a52-bb85-f9a9545d82a4
1,0,Blood Oath,Mercadian Masques,MM,177,,German,,,,,,,,7475,,"",$0.00,f1556a12-ff45-4a12-988a-63615b3799a9
2,0,Blood Pet,Seventh Edition,7E,121,,English,,,,,,,,9046,,"",$0.00,9ff08225-82a5-4636-be6a-d38d32f5663f
3,0,Bog Down,Planeshift,PS,39,,German,,,,,,,,9213,,"",$0.00,8752a605-38f8-4d75-b122-063a788dff6e
3,0,Bog Glider,Prophecy,PR,58,,English,,,,,,,,8824,,"",$0.00,086a5620-704b-47a9-9a5d-73e28631d6f8
1,0,Bog Gnarr,Apocalypse,AP,76,,German,,,,,,,,9488,,"",$0.00,3f230831-023c-41aa-832e-16ac81e68588
2,0,Bog Imp,Ninth Edition,9ED,116,,English,,,,,,,,14409,,"",$0.00,846f5cda-3d93-4dfd-b1c3-1dff7b814d98
1,0,Bog Smugglers,Mercadian Masques,MM,117,,English,,,,,,,,7050,,"",$0.00,c2103a44-87e5-40cd-a0de-cd19456a8366
1,0,Bog Smugglers,Mercadian Masques,MM,117,,German,,,,,,,,7050,,"",$0.00,c2103a44-87e5-40cd-a0de-cd19456a8366
1,0,Bog Witch,Mercadian Masques,MM,118,,German,,,,,,,,7034,,"",$0.00,6a926f9e-ee63-4b6e-8e5b-0650b74344a5
1,0,Bog Wraith,Magic 2010,M10,86,,German,,,,,,,,15921,,"",$0.00,5d17210c-be39-4abc-9d4d-4f2eca9573bd
2,0,Borderland Ranger,Avacyn Restored,AVR,169,,German,,,,,,,,19576,,"",$0.00,8f067c26-c51d-44d0-a0af-106b5778f06a
1,0,Boreal Centaur,Coldsnap,CSP,104,,English,,,,,,,,1277,,"",$0.00,05231fa1-47b8-49aa-9393-ec4d8384c41b
1,0,Braidwood Cup,Urza's Destiny,CG,126,,German,,,,,,,,4003,,"",$0.00,c2e783b7-9bd1-4f82-bf20-5d201413f5e8
1,0,Bramble Creeper,Magic 2010,M10,171,,German,,,,,,,,15849,,"",$0.00,74148e2e-ac21-414a-9b6c-410988d7fdd0
1,0,Bramble Elemental,Planechase 2012,PC2,59,,German,,,,,,,,19824,,"",$0.00,35c9463e-0d9d-4366-a33b-2e1c1ea6dfc5
1,0,Breach,Urza's Saga,UZ,120,,English,,,,,,,,13350,,"",$0.00,eada28cb-92bf-47e0-b09d-4709be32dbe6
2,0,Break Asunder,Dominaria Remastered,DMR,152,,English,,,,,,,,73485,,"",$0.00,80f334d2-d450-4a36-9b2e-ce81297b22e3
2,0,Break Asunder,Dominaria Remastered,DMR,152,,German,,,,,,,,73485,,"",$0.00,80f334d2-d450-4a36-9b2e-ce81297b22e3
1,0,Briar Patch,Mercadian Masques,MM,232,,German,,,,,,,,7617,,"",$0.00,b5913fc6-eeb0-411b-9264-1e75bea8489b
1,0,Brush with Death,Stronghold,ST,2,,English,,,,,,,,13161,,"",$0.00,04013bc6-7774-400b-a6af-de755b4c324d
1,0,Bubbling Beebles,Urza's Destiny,CG,29,,German,,,,,,,,4433,,"",$0.00,002cf7d8-3fc2-48eb-a727-a1ce5a049665
1,0,Bubbling Muck,Urza's Destiny,CG,54,,German,,,,,,,,3934,,"",$0.00,6ca76614-78a1-4535-9162-70469d1e8a13
2,0,Burden of Greed,Darksteel,DST,38,,English,,,,,,,,11620,,"",$0.00,d37abcf5-f009-4258-bf32-b93b47cb71dc
1,0,Burden of Greed,Darksteel,DST,38,,German,,,,,,,,11620,,"",$0.00,d37abcf5-f009-4258-bf32-b93b47cb71dc
1,0,Burr Grafter,Champions of Kamigawa,CHK,203,,German,,,,,,,,13059,,"",$0.00,935e52a1-a651-4d88-99a8-7de074a01576
1,0,Cabal Surgeon,Torment,TOR,52,,English,,,,,,,,10253,,"",$0.00,29ce55a2-d838-48ab-862e-d419b0cda3c9
1,0,Cabal Trainee,Judgment,JUD,63,,German,,,,,,,,10692,,"",$0.00,d345d702-b205-4391-985a-6201e707f0ba
1,0,Cackling Imp,Fifth Dawn,5DN,44,,German,,,,,,,,7207,,"",$0.00,641080d8-1b2e-4990-a114-04bea9a5adce
1,0,Call to the Netherworld,Commander 2019,C19,108,,English,,,,,,,,45699,,"",$0.00,caccee1e-971d-4b92-9f9a-624865c508d9
3,0,Calming Verse,Prophecy,PR,110,,English,,,,,,,,8875,,"",$0.00,ec38c856-dc21-450d-9aa6-da16c91a489a
1,0,Cancel,Foundations,fdn,505,,German,,,,,,,,97682,,"",$0.00,475bff39-220a-4490-9c2e-d311e306a6db
1,0,Canopy Claws,Judgment,JUD,108,,English,,,,,,,,10716,,"",$0.00,c4530da2-fd04-40d9-ad69-5c2847921509
1,0,Canopy Spider,Core Set 2020,M20,339,,English,,,,,,,,45364,,"",$0.00,0ae7fabb-dcb6-4c21-87ee-2893b63814be
1,0,Canyon Minotaur,Magic 2010,M10,130,,English,,,,,,,,15933,,"",$0.00,b85b682f-f526-45a8-9a12-db3fe8c3c8c3
1,0,Capashen Standard,Urza's Destiny,CG,4,,German,,,,,,,,6946,,"",$0.00,16665386-405e-48c9-8c69-c21b03931c2f
1,0,Carrion Beetles,Urza's Saga,UZ,122,,English,,,,,,,,13346,,"",$0.00,46d4f4d7-a35b-45ea-ba51-ee65b3ff98d4
1,0,Cartographer,Odyssey,OD,232,,German,,,,,,,,9835,,"",$0.00,8241680d-6453-44ac-ab0f-3e7ebdd31e89
1,0,Cat Burglar,Exodus,EX,54,,English,,,,,,,,13521,,"",$0.00,947109f9-7035-4a2a-bbc2-a2958f8c5d01
1,0,Cat Warriors,Classic Sixth Edition,6E,219,,English,,,,,,,,5243,,"",$0.00,90823485-83cd-4260-b860-7f05d8588905
1,0,Cat Warriors,Classic Sixth Edition,6E,219,,German,,,,,,,,5243,,"",$0.00,90823485-83cd-4260-b860-7f05d8588905
1,0,Cateran Brute,Mercadian Masques,MM,120,,English,,,,,,,,7038,,"",$0.00,73b6ce76-0ed0-4994-ae2c-d8e51ae09920
3,0,Cateran Brute,Mercadian Masques,MM,120,,German,,,,,,,,7038,,"",$0.00,73b6ce76-0ed0-4994-ae2c-d8e51ae09920
2,0,Cateran Persuader,Mercadian Masques,MM,124,,German,,,,,,,,7036,,"",$0.00,a98bdbf1-32a6-4d9b-8e57-5d3aca6b05bc
1,0,Cemetery Reaper,Aetherdrift Commander,drc,87,,German,,,,,,,,101016,,"",$0.00,b874f27a-2e10-4331-8f6d-fd3575be0885
1,0,Centaur Rootcaster,Judgment,JUD,109,,English,,,,,,,,10777,,"",$0.00,3f10dfd9-9889-4d9e-872a-07623dee6b6b
1,0,Centaur Veteran,Torment,TOR,123,,German,,,,,,,,9851,,"",$0.00,a83903c1-40fe-47a5-8bcc-2f0877c58225
1,0,Ceremonial Guard,Mercadian Masques,MM,182,,German,,,,,,,,7052,,"",$0.00,4a6c69d1-5295-419f-bb8f-af826bf92cb3
1,0,Chill to the Bone,Coldsnap,CSP,52,,German,,,,,,,,1268,,"",$0.00,312505d7-362e-43cf-bd23-28c248a8b7e1
2,0,Chimney Imp,Mirrodin,MRD,59,,English,,,,,,,,12368,,"",$0.00,0a426922-5e96-48f3-b696-f5dc99258943
2,0,Chimney Imp,Mirrodin,MRD,59,,German,,,,,,,,12368,,"",$0.00,0a426922-5e96-48f3-b696-f5dc99258943
1,0,Chittering Rats,Jumpstart 2022,J22,387,,German,,,,,,,,71580,,"",$0.00,1b9993c2-eaf7-4163-bd19-8161025cad56
2,0,Chittering Rats,Darksteel,DST,39,,English,,,,,,,,12449,,"",$0.00,980135d5-dfaa-4beb-b4b3-1e256bb46e61
1,0,Cho-Arrim Alchemist,Mercadian Masques,MM,8,,English,,,,,,,,7088,,"",$0.00,42c9d49d-61eb-4f33-b06b-03bdd990efd0
1,0,Cho-Arrim Legate,Mercadian Masques,MM,10,,German,,,,,,,,7643,,"",$0.00,1427a3a1-24e1-4697-b5eb-1c0a24f89e75
1,0,Cho-Manno's Blessing,Mercadian Masques,MM,12,,German,,,,,,,,7011,,"",$0.00,5c9f33c6-5294-4584-854d-c8c0f847aba8
1,0,Circle of Protection: Red,Classic Sixth Edition,6E,11,,English,,,,,,,,14444,,"",$0.00,3357139a-8b8b-47c5-a35b-3ed98968ba4d
1,0,Civic Wayfinder,Tenth Edition,10E,255,,German,,,,,,,,2640,,"",$0.00,76d01445-ada9-452e-a6c0-d9dff59755f9
1,0,Clone,Magic 2010,M10,45,,English,,,,,,,,15991,,"",$0.00,881f6340-865f-437c-983e-df39aad032ab
1,0,Cloud Cover,Planeshift,PS,98,,German,,,,,,,,9186,,"",$0.00,943b3886-5556-474f-8dc1-18219e25abc3
1,0,Clutch of Undeath,Scourge,SCG,61,,German,,,,,,,,11695,,"",$0.00,7301fdec-ca17-47ae-9a0a-84ea8665ece1
1,0,Coercion,Classic Sixth Edition,6E,119,,English,,,,,,,,14450,,"",$0.00,4a8337ac-fddc-4af7-a623-e9a8c8323564
1,0,Coercion,Ninth Edition,9ED,118,,German,,,,,,,,14449,,"",$0.00,6b7a810f-de22-410a-aa08-333920ffdd1f
1,0,Colos Yearling,Urza's Destiny,CG,79,,German,,,,,,,,3943,,"",$0.00,1d68eb62-9f86-4c85-8696-46a248c744ff
1,0,Consume Spirit,Mirrodin,MRD,60,,English,,,,,,,,7140,,"",$0.00,f375a49c-806a-4d8b-9513-6b4afc19497b
1,0,Consume Spirit,Magic 2012,M12,88,,German,,,,,,,,18863,,"",$0.00,ef144439-fc8e-4844-8ebb-3e36e05ac9a0
1,0,Contaminated Bond,Tenth Edition,10E,132,,German,,,,,,,,1949,,"",$0.00,a56b6552-367e-4b0b-9095-42322843b1b2
1,0,Coral Merfolk,Core Set 2020,M20,315,,German,,,,,,,,45134,,"",$0.00,97a74ccf-8165-4db1-a87c-52c2d8ea0058
1,0,Corpulent Corpse,Time Spiral Remastered,TSR,104,,English,,,,,,,,55490,,"",$0.00,c8680e7c-f180-45b9-9af6-a8e93037b851
1,0,Crash,Mercadian Masques,MM,186,,German,,,,,,,,7061,,"",$0.00,7a26bde3-8392-4476-b347-f223d52554a6
2,0,Craw Wurm,Magic 2010,M10,173,,English,,,,,,,,15889,,"",$0.00,3875f73d-6108-488b-bd34-4cf2c23ce6b3
1,0,Crawling Filth,Betrayers of Kamigawa,BOK,64,,English,,,,,,,,13784,,"",$0.00,9c735bda-5454-4177-a23a-f9f00b7480d2
1,0,Crawling Filth,Betrayers of Kamigawa,BOK,64,,German,,,,,,,,13784,,"",$0.00,9c735bda-5454-4177-a23a-f9f00b7480d2
1,0,Cremate,Return to Ravnica,RTR,59,,English,,,,,,,,20424,,"",$0.00,013d5260-f906-4f6a-97ed-725197743b60
1,0,Crosis's Charm,Commander 2017,C17,169,,German,,,,,,,,36427,,"",$0.00,b5e1e94d-6876-4351-9c6e-98882e277ccc
1,0,Crown of Suspicion,Onslaught,ONS,134,,English,,,,,,,,11259,,"",$0.00,8953e11b-cc3a-4c8d-9d7e-04bf90c77027
1,0,Crown of Vigor,Onslaught,ONS,253,,English,,,,,,,,11239,,"",$0.00,e7e320a6-88e2-4be1-97e2-30e0f3c2e450
2,0,Cruel Deceiver,Champions of Kamigawa,CHK,106,,English,,,,,,,,14109,,"",$0.00,7cc6972a-5305-423f-a936-16ee0fbf9200
1,0,Cruel Revival,Game Night,GNT,28,,English,,,,,,,,43130,,"",$0.00,5f4b76ac-550e-4450-bade-66b176add109
1,0,Cry of Contrition,Guildpact,GPT,46,,English,,,,,,,,15630,,"",$0.00,62016f24-3f40-406b-8e29-30a6545d0fc1
1,0,Crypt Creeper,Avacyn Restored,AVR,91,,English,,,,,,,,19766,,"",$0.00,0382cb94-0836-4e23-99b7-034faa363203
1,0,Cursed Flesh,Invasion,IN,98,,German,,,,,,,,8487,,"",$0.00,fb151ae8-9281-434d-ba8d-9ce34f0875eb
1,0,Cursed Ronin,Champions of Kamigawa,CHK,107,,English,,,,,,,,14111,,"",$0.00,b8f24fe9-22c4-4e53-9d7a-3cbf5533ac9b
1,0,Cursed Ronin,Champions of Kamigawa,CHK,107,,German,,,,,,,,14111,,"",$0.00,b8f24fe9-22c4-4e53-9d7a-3cbf5533ac9b
1,0,Cyclopean Giant,Time Spiral,TSP,100,,English,,,,,,,,1076,,"",$0.00,fab6bc89-492a-46a4-90dc-95ae2e2bc483
1,0,Dakmor Bat,Portal Second Age,P2,8,,German,,,,,,,,13631,,"",$0.00,f45994db-776d-420e-9241-99bf3b71fa59
1,0,Dark Withering,Dominaria Remastered,DMR,79,,English,,,,,,,,73412,,"",$0.00,6996d612-28a5-4515-baba-9aad65bf4b28
2,0,Darting Merfolk,Mercadian Masques,MM,72,,German,,,,,,,,7019,,"",$0.00,438e15f7-59bb-4047-af1f-ef92cc1866b8
1,0,Dawn's Reflection,Commander 2018,C18,139,,English,,,,,,,,40053,,"",$0.00,1366d406-4539-408f-93c1-f940327c1ba2
1,0,Deadly Insect,Coldsnap Theme Decks,CSTD,39,,German,,,,,,,,23621,,"",$0.00,
1,0,Death Bomb,Planeshift,PS,41,,English,,,,,,,,9420,,"",$0.00,f8a84715-c5dc-4a19-af6a-796c6ee912c2
2,0,Death Charmer,Prophecy,PR,61,,English,,,,,,,,8822,,"",$0.00,e58a303a-9f7a-43e7-bcba-c58b378a53ce
1,0,Death Charmer,Prophecy,PR,61,,German,,,,,,,,8822,,"",$0.00,e58a303a-9f7a-43e7-bcba-c58b378a53ce
1,0,Death Denied,Saviors of Kamigawa,SOK,63,,German,,,,,,,,15196,,"",$0.00,8f66ddc5-f5e6-44de-8189-87b6521d1fea
1,0,Death of a Thousand Stings,Saviors of Kamigawa,SOK,64,,English,,,,,,,,13852,,"",$0.00,a31ca907-a274-436e-8433-7f11b0303f75
1,0,Death of a Thousand Stings,Saviors of Kamigawa,SOK,64,,German,,,,,,,,13852,,"",$0.00,a31ca907-a274-436e-8433-7f11b0303f75
2,0,Deathcurse Ogre,Champions of Kamigawa,CHK,109,,English,,,,,,,,14312,,"",$0.00,62bd3c73-fff4-40e8-b9db-80a010a4dd37
1,0,Deathknell Kami,Saviors of Kamigawa,SOK,65,,English,,,,,,,,13775,,"",$0.00,09535c14-ae50-4528-b9db-7eacee14e3fa
1,0,Deathmask Nezumi,Saviors of Kamigawa,SOK,66,,German,,,,,,,,15180,,"",$0.00,743e38d1-b1cd-4828-ad3d-529a9f882115
2,0,Deathspore Thallid,Time Spiral Remastered,TSR,109,,English,,,,,,,,55495,,"",$0.00,74c1b368-6fb0-4430-807e-d124f3077361
2,0,Deconstruct,Mirrodin,MRD,118,,German,,,,,,,,12939,,"",$0.00,53face79-d2bf-43dd-aa4e-d724c2b68c49
1,0,Deepwood Drummer,Mercadian Masques,MM,239,,German,,,,,,,,7066,,"",$0.00,acbed0f5-2ac0-48d8-b5ab-b4cd7176fde2
2,0,Deepwood Ghoul,Eighth Edition,8ED,127,,English,,,,,,,,11990,,"",$0.00,cd4c5c2f-0c1e-44e8-a7f8-2dc2954eacd8
1,0,Deepwood Tantiv,Mercadian Masques,MM,241,,German,,,,,,,,7719,,"",$0.00,bfa2028e-4e73-4ff2-a9e2-9ac347d67893
1,0,Deepwood Wolverine,Mercadian Masques,MM,242,,German,,,,,,,,7068,,"",$0.00,db9a9a76-741a-4ba3-bd4b-0eb87d678253
1,0,Defiant Elf,Legions,LGN,123,,English,,,,,,,,11151,,"",$0.00,3b7a0b8f-6942-40b0-8efc-234ae77855b4
1,0,Desertion,Conspiracy: Take the Crown,CN2,107,,English,,,,,,,,33186,,"",$0.00,b362151e-4ad6-4ae9-91e5-0e4a69d53ca5
1,0,Despoil,Prophecy,PR,62,,English,,,,,,,,8838,,"",$0.00,06bb6ff7-2cd6-430e-a618-0b83d9c1d044
1,0,Despondency,Urza's Saga,UZ,129,,English,,,,,,,,209,,"",$0.00,ef400a6a-628a-40d6-80dc-feabe40d6ce1
1,0,Diabolic Tutor,Kaladesh,KLD,75,,German,,,,,,,,33504,,"",$0.00,06750380-a9a9-4ab4-a03b-d4d35a31132a
2,0,Dirge of Dread,Masters 25,A25,86,,English,,,,,,,,38087,,"",$0.00,d69a1a58-6aab-4feb-850c-31fd2220bbc0
1,0,Disciple of Kangee,Planeshift,PS,3,,German,,,,,,,,9264,,"",$0.00,e268fe16-070b-4b78-9793-59755edb2fd5
1,0,Disciple of Malice,Onslaught,ONS,139,,English,,,,,,,,11386,,"",$0.00,74cc7ab0-a5db-4ae9-af9a-89fd5aaaab57
1,0,Disciple of Tevesh Szat,Coldsnap,CSP,55,,German,,,,,,,,1292,,"",$0.00,8f99ec07-8af7-4e80-9f0e-fa304a94d4b4
1,0,Disciple of the Vault,Double Masters,2XM,86,,English,,,,,,,,52050,,"",$0.00,4c539843-4e3f-47a7-92e1-412eaaa2d9c5
1,0,Distorting Lens,Eighth Edition,8ED,299,,German,,,,,,,,12252,,"",$0.00,6d82d9b7-4b1c-447c-8044-9e114604017e
1,0,Divergent Growth,Scourge,SCG,116,,English,,,,,,,,12347,,"",$0.00,0e609448-7868-4e28-b399-3750556a693c
3,0,Divination,Core Set 2019,M19,51,,German,,,,,,,,39606,,"",$0.00,cb3b35b8-f321-46d8-a441-6b9a6efa9021
2,0,Divine Verdict,Jumpstart 2022,J22,177,,German,,,,,,,,71370,,"",$0.00,9bb9d872-3ea5-4f8a-891e-00707c4ff5c0
1,0,Djinn of Wishes,Magic 2010,M10,50,,German,foil,,,,,,,15958,,"",$0.00,3e3b0949-17e1-4f12-8999-d4638d32dd3e
2,0,Doom Blade,Game Night: Free-for-All,GN3,47,,German,,,,,,,,69953,,"",$0.00,7a06a6a8-34ad-464f-8311-eea6eada332e
1,0,Dragon Fangs,Scourge,SCG,117,,English,,,,,,,,12637,,"",$0.00,9754f52f-8937-4402-8956-2c18b520898a
1,0,Dragon Shadow,Scourge,SCG,65,,English,,,,,,,,11828,,"",$0.00,0ec35e03-022b-417c-9987-7379cf3956f9
1,0,Dragon Whelp,Foundations Jumpstart,j25,537,,German,,,,,,,,98530,,"",$0.00,d3f7b4a5-6096-4e19-bfa6-e44b85f53387
4,0,Dripping Dead,Legions,LGN,67,,English,,,,,,,,11717,,"",$0.00,cdb3b483-01a8-4f54-9a3a-0d3f5aa3cd8b
1,0,Dripping-Tongue Zubera,Champions of Kamigawa,CHK,206,,English,,,,,,,,14309,,"",$0.00,e752b762-38b7-463c-aa09-37fecfe71a53
1,0,Dripping-Tongue Zubera,Champions of Kamigawa,CHK,206,,German,,,,,,,,14309,,"",$0.00,e752b762-38b7-463c-aa09-37fecfe71a53
2,0,Dross Crocodile,Tenth Edition,10E,138,,English,,,,,,,,3004,,"",$0.00,efd5c07e-4ece-4c8b-93c8-6abd7dd3a39a
1,0,Dross Crocodile,Tenth Edition,10E,138,,German,,,,,,,,3004,,"",$0.00,efd5c07e-4ece-4c8b-93c8-6abd7dd3a39a
2,0,Dross Prowler,Mirrodin,MRD,64,,English,,,,,,,,12845,,"",$0.00,1fff470a-3574-42be-8f0b-ac5e7a70f61a
1,0,Drudge Skeletons,Classic Sixth Edition,6E,123,,English,,,,,,,,1802,,"",$0.00,e7105716-8f9e-4f32-b6bc-cb7b231d1fa1
3,0,Drudge Skeletons,Magic 2010,M10,95,,German,,,,,,,,16006,,"",$0.00,425836be-f5cd-4584-a2ff-a8cf166eccc0
1,0,Druid Lyrist,Odyssey,OD,238,,English,,,,,,,,9829,,"",$0.00,e9923532-bc4f-44de-b963-d6914321c49a
1,0,Dryad's Caress,Ravnica: City of Guilds,RAV,160,,German,,,,,,,,15275,,"",$0.00,8cf707f2-1a62-458e-bcc8-8b1cd081f225
1,0,Dungrove Elder,Magic 2012,M12,171,,German,,,,,,,,18760,,"",$0.00,b8b4ebbf-1613-42a0-97ff-2f36dc8d984a
1,0,Durkwood Boars,Starter 2000,P4,,,German,,,,,,,,8963,,"",$0.00,3741510d-a210-432c-a95b-a147689df995
1,0,Dusk Imp,Eighth Edition,8ED,130,,English,,,,,,,,7150,,"",$0.00,fba0721a-dc1f-42e4-a12a-2ecb356f9339
1,0,Dusk Imp,Tenth Edition,10E,140,,German,,,,,,,,7151,,"",$0.00,b7f264f6-832c-42fe-8642-00ee0f009c08
1,0,Duskwalker,Invasion,IN,104,,German,,,,,,,,8463,,"",$0.00,39a4a026-f44e-40e1-9942-a3d8448aca70
1,0,Dwarven Ruins,Classic Sixth Edition,6E,323,,English,,,,,,,,5970,,"",$0.00,840627fa-dec9-481e-b356-56f3d079a60c
1,0,Dying Wail,Urza's Destiny,CG,58,,German,,,,,,,,3936,,"",$0.00,2a25a472-495e-4062-b66f-c37f148b494f
1,0,Earsplitting Rats,Judgment,JUD,65,,English,,,,,,,,10573,,"",$0.00,5dad63b5-ced3-4150-ad84-1ca05a892840
1,0,Earthquake,Classic Sixth Edition,6E,173,,English,,,,,,,,903,,"",$0.00,8f58f85d-905a-4569-b3e6-adafc387c1cb
1,0,Echoing Courage,Masters 25,A25,166,,English,,,,,,,,38106,,"",$0.00,04367e72-3f8c-4cba-8bdf-5a1ba9c9f01f
1,0,Echoing Decay,Darksteel,DST,41,,English,,,,,,,,12509,,"",$0.00,f8e688e7-8350-4b78-bd49-a6ffdedad556
1,0,Elder Pine of Jukai,Saviors of Kamigawa,SOK,128,,German,,,,,,,,13853,,"",$0.00,51c3e47b-a788-46b7-bf15-1216692e637a
1,0,Elephant Ambush,Odyssey,OD,240,,German,,,,,,,,10308,,"",$0.00,b4abdf1c-a0a9-4e1d-b448-58742830f767
1,0,Elite Vanguard,Magic 2012,M12,15,,German,,,,,,,,18705,,"",$0.00,f03487e9-f584-4bbd-8335-4dd001a88b52
1,0,Elvish Bard,Ninth Edition,9ED,236,,English,,,,,,,,14355,,"",$0.00,e2fda362-63ee-4f0b-8faf-a9073e0d5fa0
1,0,Elvish Guidance,Onslaught,ONS,255,,English,,,,,,,,10496,,"",$0.00,8698c46b-2628-4482-88f9-e37a01ade274
1,0,Elvish Pathcutter,Onslaught,ONS,256,,English,,,,,,,,11056,,"",$0.00,c7d810b8-1a15-46cc-9d9d-871ac43b7036
1,0,Elvish Pathcutter,Onslaught,ONS,256,,German,,,,,,,,11056,,"",$0.00,c7d810b8-1a15-46cc-9d9d-871ac43b7036
1,0,Elvish Pioneer,Eighth Edition,8ED,243,,English,,,,,,,,12136,,"",$0.00,88244522-1cf3-40a6-9ff7-bb78f2151b60
1,0,Elvish Ranger,Alliances,AL,67,,English,,,,,,,,6222,,"",$0.00,ad9f1b09-73c2-43c5-a28b-4a40fff7b727
1,0,Elvish Skysweeper,Commander Anthology,CMA,104,,English,,,,,,,,35587,,"",$0.00,a26c340e-ccfb-4e91-ab10-a8b7714a9089
1,0,Elvish Visionary,Foundations Jumpstart,j25,145,,German,,,,,,,,98139,,"",$0.00,69f570b5-1629-4b10-8f66-ed9b4355a0a4
1,0,Embalmed Brawler,Legions,LGN,69,,English,,,,,,,,11656,,"",$0.00,2e214da0-68c0-4cf6-ba12-e2b2394909c1
1,0,Endangered Armodon,Stronghold,ST,57,,English,,,,,,,,13209,,"",$0.00,29d43e8f-a914-44ed-bbd3-3746fb4ea6da
1,0,Enfeeblement,Ninth Edition,9ED,127,,English,,,,,,,,14362,,"",$0.00,4adaf0bf-b26d-4166-8809-431283690de7
2,0,Enormous Baloth,Magic 2010,M10,180,,German,,,,,,,,15831,,"",$0.00,54069e65-eef4-4fb8-bb0d-932a4c9889b3
2,0,Essence Drain,Magic 2013,M13,93,,English,,,,,,,,20119,,"",$0.00,58df0c6d-3fd2-4d87-81e2-6640e6e75985
1,0,Essence Scatter,Foundations,fdn,153,,German,,,,,,,,97330,,"",$0.00,dd05c850-f91e-4ffb-b4cc-8418d49dad90
1,0,Exotic Curse,Duel Decks: Phyrexia vs. the Coalition,DDE,56,,English,,,,,,,,16798,,"",$0.00,1eff81c4-c402-437d-aace-dfe875d9857d
1,0,Fallen Cleric,Onslaught,ONS,145,,German,,,,,,,,11195,,"",$0.00,7652dc61-9170-4895-a0bf-c32a1ee0350e
1,0,Falling Timber,Planeshift,PS,79,,English,,,,,,,,9215,,"",$0.00,6e54c84d-ccc9-4c52-b02c-e0392e8fe447
1,0,Falling Timber,Planeshift,PS,79,,German,,,,,,,,9215,,"",$0.00,6e54c84d-ccc9-4c52-b02c-e0392e8fe447
1,0,Fangren Hunter,Mirrodin,MRD,119,,English,,,,,,,,12470,,"",$0.00,2dbc8eef-f032-490a-b487-da1af71b7ff2
1,0,Farseek,The List,PLIST,149,,English,,,,,,,,48084,C17,"",$0.00,75e4e808-1511-40ca-984b-f95fb8f5daf0
1,0,Fatigue,Urza's Destiny,CG,32,,German,,,,,,,,6949,,"",$0.00,660fb109-dd65-4410-99b9-a2a14f8ea202
1,0,Fear,Tenth Edition,10E,142,,German,,,,,,,,1827,,"",$0.00,d8fa57eb-e307-4104-a291-c6cbfa235816
1,0,Feast of the Unicorn,Classic Sixth Edition,6E,130,,English,,,,,,,,5272,,"",$0.00,693a5a97-d81e-4f4d-ab8f-5a9cabd4c685
1,0,Feast of Worms,Champions of Kamigawa,CHK,207,,German,,,,,,,,14135,,"",$0.00,33119e6a-d69b-4039-add2-97fe35a89e8e
1,0,Feebleness,Time Spiral Remastered,TSR,116,,German,,,,,,,,55502,,"",$0.00,265960a9-bea6-4111-b9a7-b6a37194b1c5
3,0,Fen Stalker,Prophecy,PR,64,,English,,,,,,,,8826,,"",$0.00,8e7d1125-7eb0-4065-bc2c-764689380fa8
1,0,Fen Stalker,Prophecy,PR,64,,German,,,,,,,,8826,,"",$0.00,8e7d1125-7eb0-4065-bc2c-764689380fa8
1,0,Ferocious Charge,Fifth Dawn,5DN,88,,English,,,,,,,,13222,,"",$0.00,3749181f-7b4e-4b9d-aaf3-94f707c306aa
1,0,Ferocity,Mercadian Masques,MM,245,,German,,,,,,,,7081,,"",$0.00,4afda489-8397-4ad4-89dc-e8bad92db133
1,0,Fertile Ground,Eighth Edition,8ED,248,,English,,,,,,,,3362,,"",$0.00,229a4a86-b9ce-415c-9343-db4211cac7b8
1,0,Festering Wound,Urza's Destiny,CG,61,,German,,,,,,,,3937,,"",$0.00,927eed13-510b-4b06-811d-91a6a069cb8c
1,0,Field Surgeon,Urza's Destiny,CG,8,,German,,,,,,,,3897,,"",$0.00,bb830403-0832-47f7-b4b4-4f241f1b9112
1,0,Fierce Empath,Foundations,fdn,636,,English,,,,,,,,97813,,"",$0.00,28a1dd7f-2e42-4062-a941-b489b98a49fc
1,0,Fiery Hellhound,Magic Origins,ORI,284,,German,,,,,,,,28545,,"",$0.00,8980efa5-bd21-4980-91a7-5e66528b1011
1,0,Fill with Fright,Battlebond,BBD,144,,English,,,,,,,,38820,,"",$0.00,e666ad2c-eced-4d62-8533-bb6a1e76d122
1,0,Filthy Cur,Odyssey,OD,136,,English,,,,,,,,10178,,"",$0.00,634b2b46-b213-4eb0-81d8-0e9dd161b85f
1,0,Filthy Cur,Odyssey,OD,136,,German,,,,,,,,10178,,"",$0.00,634b2b46-b213-4eb0-81d8-0e9dd161b85f
1,0,Fireball,Commander Legends: Battle for Baldur's Gate,CLB,175,,German,,,,,,,,65330,,"",$0.00,df45a43e-a5b7-4fd4-873b-7b3c021be198
1,0,Firescreamer,Invasion,IN,106,,English,,,,,,,,8461,,"",$0.00,155a2213-bf6e-4a54-924b-e450b7d06f26
1,0,Fists of Ironwood,Ravnica Remastered,RVR,139,,English,,,,,,,,86655,,"",$0.00,862a2871-57be-42f5-9097-d821013d3b58
1,0,Flailing Drake,Tempest,TE,121,,English,,,,,,,,12693,,"",$0.00,43d246ac-1ca5-4c55-856c-4a83a4d638ab
1,0,Flame Jet,Urza's Destiny,CG,81,,German,,,,,,,,3950,,"",$0.00,a511f9df-b53b-4fea-87cd-9f18f6833f92
2,0,Flay,Prophecy,PR,65,,English,,,,,,,,8830,,"",$0.00,a6fe155f-bfb2-49d8-83f0-ab1047a961d1
1,0,Fledgling Imp,Odyssey,OD,137,,English,,,,,,,,10157,,"",$0.00,d11770ee-dcf0-4dd4-ab43-b98f1133cec7
1,0,Fledgling Osprey,Urza's Destiny,CG,33,,German,,,,,,,,3912,,"",$0.00,8cd46bfa-ca09-422f-9891-db9399fa2d3a
1,0,Fleshgrafter,Fifth Dawn,5DN,51,,English,,,,,,,,13031,,"",$0.00,01095217-bc33-4d71-bf10-2ead9f8ebd25
1,0,Fleshgrafter,Fifth Dawn,5DN,51,,German,,,,,,,,13031,,"",$0.00,01095217-bc33-4d71-bf10-2ead9f8ebd25
1,0,Flight,Magic 2012,M12,53,,English,,,,,,,,18861,,"",$0.00,15316953-dcb2-4428-b90a-c90d3d4c45f3
1,0,Fog Patch,Nemesis,NE,104,,German,,,,,,,,8194,,"",$0.00,133f9e4f-2b1b-4a24-ad19-285a2c5845b5
1,0,Folk Medicine,Judgment,JUD,115,,English,,,,,,,,10567,,"",$0.00,751bd716-5352-41d7-89fb-d5f100f6646b
2,0,Frightcrawler,Odyssey,OD,138,,English,,,,,,,,9792,,"",$0.00,d79129e7-6cc4-4060-8b76-3afbd2e0d456
1,0,Frightcrawler,Odyssey,OD,138,,German,,,,,,,,9792,,"",$0.00,d79129e7-6cc4-4060-8b76-3afbd2e0d456
1,0,Frog Tongue,Tempest,TE,122,,English,,,,,,,,12694,,"",$0.00,3941e799-a254-423e-90bb-091dbe56ca6a
1,0,Fyndhorn Brownie,Classic Sixth Edition,6E,231,,English,,,,,,,,5247,,"",$0.00,bc2a2d39-92dd-4123-8a3f-5c756d22b6ee
1,0,Gaea's Bounty,Urza's Saga,UZ,254,,German,,,,,,,,13389,,"",$0.00,66b55e37-fcad-4d50-89d4-5d88269fee66
1,0,Gaea's Might,Dominaria United,DMU,164,,English,,,,,,,,67413,,"",$0.00,89c46e9c-ae7c-466c-bb11-4f4d01ea7a63
1,0,Gainsay,Planeshift,PS,26,,German,foil,,,,,,,9511,,"",$0.00,a70a2092-5048-49c0-9351-a3f882c2f56e
5,0,Gempalm Polluter,Legions,LGN,70,,English,,,,,,,,11501,,"",$0.00,8e9943ac-9e3f-4ee0-b5fd-3b0fb17097d8
1,0,Gerrard's Irregulars,Mercadian Masques,MM,192,,German,,,,,,,,7698,,"",$0.00,8a88f507-3d78-4f7f-a91f-8489ad9250f2
1,0,Ghor-Clan Savage,Guildpact,GPT,86,,German,,,,,,,,15563,,"",$0.00,d77ad353-7543-4d65-bf02-33f66abaf14b
2,0,Giant Badger,Eighth Edition,8ED,253,,English,,,,,,,,12153,,"",$0.00,10e9dd66-8580-4c96-9ab9-cc392dc6ee74
1,0,Giant Caterpillar,Mercadian Masques,MM,249,,English,,,,,,,,7901,,"",$0.00,bdc5eb8a-4531-4408-90fe-9b352d71a052
2,0,Giant Cockroach,Ninth Edition,9ED,133,,English,,,,,,,,14536,,"",$0.00,25ca0c01-2e9f-4f1c-9078-f7a68559296d
1,0,Giant Cockroach,Ninth Edition,9ED,133,,German,,,,,,,,14536,,"",$0.00,25ca0c01-2e9f-4f1c-9078-f7a68559296d
1,0,Giant Growth,Foundations,fdn,223,,English,,,,,,,,97400,,"",$0.00,bd0bf74e-14c1-4428-88d8-2181a080b5d0
2,0,Giant Growth,Foundations,fdn,223,,German,,,,,,,,97400,,"",$0.00,bd0bf74e-14c1-4428-88d8-2181a080b5d0
1,0,Giant Spider,Dominaria Remastered,DMR,163,,English,,,,,,,,73496,,"",$0.00,213c9202-b6f4-43ab-b57f-b97a1da5e263
1,0,Giant Spider,Dominaria Remastered,DMR,163,,German,,,,,,,,73496,,"",$0.00,213c9202-b6f4-43ab-b57f-b97a1da5e263
1,0,Giant Spider,Classic Sixth Edition,6E,234,,French,,,,,,,,1884,,"",$0.00,17f78166-50e9-4aa8-9025-930b46f70041
1,0,Giant Strength,Classic Sixth Edition,6E,181,,English,,,,,,,,925,,"",$0.00,e28f7c1c-1d75-4d78-8577-1e98cf8e0703
1,0,Giant Warthog,Judgment,JUD,118,,German,,,,,,,,10687,,"",$0.00,c402ef0e-51e7-4da6-a434-b99c5d435698
1,0,Glade Gnarr,Apocalypse,AP,78,,English,,,,,,,,9489,,"",$0.00,ee38eeae-918b-4d19-b37a-175ac5db37a4
1,0,Glorious Charge,Magic 2013,M13,15,,German,,,,,,,,20167,,"",$0.00,f8672cfd-e34b-4587-9e24-015e03c7574d
1,0,Glowering Rogon,Legions,LGN,128,,English,,,,,,,,11655,,"",$0.00,974b0881-bd26-4074-93dd-a1e3600347c4
1,0,Goblin Artillery,Magic 2010,M10,138,,English,,,,,,,,15825,,"",$0.00,674bd59d-9d6d-434d-974f-3aa1cbd770b5
1,0,Goblin Digging Team,Seventh Edition,7E,186,,English,,,,,,,,941,,"",$0.00,8000425a-4761-4370-95eb-6fe3df628482
1,0,Goblin Piker,Magic 2012,M12,141,,German,,,,,,,,18839,,"",$0.00,083ec3e7-950c-4e9d-aba5-02ed13d723f0
4,0,Goblin Turncoat,Dominaria Remastered,DMR,87,,English,,,,,,,,73420,,"",$0.00,5b9e49ee-9103-4340-bf92-f888c722af47
1,0,Goham Djinn,Invasion,IN,107,,German,,,,,,,,8479,,"",$0.00,d67796c7-4d93-4c50-8839-bb69e075bc42
1,0,Golgari Brownscale,Ravnica: City of Guilds,RAV,166,,German,,,,,,,,15426,,"",$0.00,690cfc79-da41-4ac0-b0cc-719aa650b207
1,0,Gorgon Recluse,Time Spiral Remastered,TSR,117,,English,,,,,,,,55503,,"",$0.00,b0bf2a33-0eb6-4898-a0fb-f5afb47ea1aa
1,0,Gravebane Zombie,Classic Sixth Edition,6E,133,,English,,,,,,,,4264,,"",$0.00,df21b384-6073-477e-bd95-fc94ca2f2f2c
2,0,Gravedigger,Foundations Jumpstart,j25,452,,German,,,,,,,,98445,,"",$0.00,883989d7-0efd-4f17-8eaa-cdcf51c09d04
2,0,Gravedigger,Core Set 2020,M20,103,,English,,,,,,,,45363,,"",$0.00,0fb714a0-e61b-4ccf-8de6-3a6bf87c8315
1,0,Gravegouger,Torment,TOR,62,,German,,,,,,,,10245,,"",$0.00,acfcd559-374e-4e6f-9333-2e5c855abff5
1,0,Greater Mossdog,Ravnica Remastered,RVR,145,,English,,,,,,,,86661,,"",$0.00,0e7ed627-6ce3-4629-bcd9-e449642b8d34
1,0,Greel's Caress,Prophecy,PR,67,,English,,,,,,,,8828,,"",$0.00,5b25ce3f-fab3-40f8-8a16-fe580f3d97a5
1,0,Greenseeker,Time Spiral Remastered,TSR,207,,English,,,,,,,,55593,,"",$0.00,423d0c1d-1791-4c80-86d1-f87f3c6a8611
1,0,Griffin Sentinel,Core Set 2020,M20,21,,German,,,,,,,,45107,,"",$0.00,cb13aaa4-d40a-4fb2-9fd6-62bf76db6a13
3,0,Grimclaw Bats,Darksteel,DST,45,,English,,,,,,,,12451,,"",$0.00,132d6ed5-0bbc-465e-bc30-3174c910b435
1,0,Grimclaw Bats,Darksteel,DST,45,,German,,,,,,,,12451,,"",$0.00,132d6ed5-0bbc-465e-bc30-3174c910b435
1,0,Grizzly Bears,Tenth Edition,10E,268,,English,,,,,,,,1931,,"",$0.00,409f9b88-f03e-40b6-9883-68c14c37c0de
1,0,Groffskithur,Mirrodin,MRD,121,,English,,,,,,,,12868,,"",$0.00,75e84098-c15c-40f4-9d8a-3fa5da26a268
1,0,Gruul Scrapper,Guildpact,GPT,89,,English,,,,,,,,15582,,"",$0.00,f7f3fdc0-3fd1-47da-b3ed-e4a462179e75
1,0,Gush,Mercadian Masques,MM,82,,German,,,,,,,,6647,,"",$0.00,e755bbef-bf34-49c0-ae72-d70e3599de52
1,0,Gutless Ghoul,Coldsnap,CSP,60,,German,,,,,,,,1271,,"",$0.00,b8bb97ce-d9cf-47db-93cb-02745ebeb05e
2,0,Harm's Way,Duel Decks: Knights vs. Dragons,DDG,23,,German,,,,,,,,18315,,"",$0.00,9c59d43e-0e07-4601-b6df-178010ea909f
1,0,Harvest Mage,Nemesis,NE,105,,German,,,,,,,,8195,,"",$0.00,95b29329-b9a3-4d59-b0f8-2abc67337760
1,0,Harvester Druid,Judgment,JUD,120,,German,,,,,,,,10717,,"",$0.00,97337e6e-1b3f-43a2-91f2-ca8f6c5dea88
2,0,Haunted Cadaver,Onslaught,ONS,154,,English,,,,,,,,11197,,"",$0.00,a164420c-3619-4f5e-81cf-2aa5a4553bc3
1,0,Haunted Cadaver,Onslaught,ONS,154,,German,,,,,,,,11197,,"",$0.00,a164420c-3619-4f5e-81cf-2aa5a4553bc3
1,0,Heart Warden,Urza's Destiny,CG,108,,German,,,,,,,,3989,,"",$0.00,96e42dbe-3eeb-4367-bb6d-0f5c71f5da80
1,0,Henge of Ramos,Mercadian Masques,MM,318,,German,,,,,,,,7636,,"",$0.00,0582b42f-5ae5-4be2-ba2d-ed62b3cb20c5
1,0,Herd Gnarr,Time Spiral,TSP,200,,English,,,,,,,,1179,,"",$0.00,9cf4fd75-34b1-4afa-b8cd-777dfc9e6376
1,0,Hero's Resolve,Classic Sixth Edition,6E,24,,English,,,,,,,,8988,,"",$0.00,71a0f233-895e-4072-8339-c9448110d3e8
1,0,Heroic Defiance,Planeshift,PS,6,,German,,,,,,,,9300,,"",$0.00,0dc1aa36-5d3b-4d25-9d54-937cdabf72a4
1,0,Highway Robber,Tenth Edition,10E,150,,German,,,,,,,,1867,,"",$0.00,b9d4d095-664e-4704-b922-f868d0d454d3
1,0,Hired Giant,Mercadian Masques,MM,194,,German,,,,,,,,7691,,"",$0.00,dc33920a-f05c-46fa-b94b-278af0022b78
1,0,Hobble,Planeshift,PS,7,,German,,,,,,,,9267,,"",$0.00,54c76a22-f9e3-408b-a5bd-403add57e31a
1,0,Honor of the Pure,Magic 2012,M12,23,,German,,,,,,,,18899,,"",$0.00,650a6831-c352-4ca7-9f8f-43ea99a1cf33
1,0,Honorable Scout,Planeshift,PS,8,,German,,,,,,,,9250,,"",$0.00,bd311758-0352-4b7d-a24f-7f3f2b5d7b0f
1,0,Horned Cheetah,Invasion,IN,251,,German,,,,,,,,8597,,"",$0.00,a28ad983-ce91-40b6-a1ce-fe36ec7fbce8
1,0,Horned Kavu,Planeshift,PS,110,,German,,,,,,,,9198,,"",$0.00,ecd79fbf-626d-4549-917b-435f16b973d9
1,0,Horned Troll,Eighth Edition,8ED,257,,English,,,,,,,,12117,,"",$0.00,fffce2f7-b619-4483-a75e-916343194641
1,0,Horned Troll,Eighth Edition,8ED,257,,German,,,,,,,,12117,,"",$0.00,fffce2f7-b619-4483-a75e-916343194641
1,0,Horned Turtle,Magic 2010,M10,55,,German,,,,,,,,15866,,"",$0.00,faabd1d9-e1c0-4f5e-88d6-a8d480cf30ba
1,0,Horobi's Whisper,Betrayers of Kamigawa,BOK,70,,German,,,,,,,,14058,,"",$0.00,1aad5179-4b73-498e-85c5-1fc363d26223
1,0,Howling Banshee,Foundations Jumpstart,j25,119,,German,,,,,,,,98113,,"",$0.00,98bc4a4e-8fca-45a3-a542-38936f841532
1,0,Howling Wolf,Mercadian Masques,MM,252,,German,,,,,,,,7072,,"",$0.00,7416c68a-5a6a-4d51-8dc7-5c62da81ec77
1,0,Hundroog,Legions,LGN,129,,English,,,,,,,,11527,,"",$0.00,f525c356-88ca-4e2e-8f06-663be101e34f
1,0,Hunger of the Nim,Darksteel,DST,46,,German,,,,,,,,12442,,"",$0.00,bba50e47-2417-447f-b334-50ef0faecfae
1,0,Hunting Drake,Planeshift,PS,27,,German,,,,,,,,8415,,"",$0.00,5b0293a9-48fe-4018-bd25-3e02c227a3dd
1,0,Hunting Moa,Urza's Destiny,CG,109,,English,,,,,,,,335,,"",$0.00,926cefa1-3c5c-4bd6-859b-de620a3ee777
1,0,Hypnotic Cloud,Duel Decks: Jace vs. Vraska,DDM,67,,English,,,,,,,,22578,,"",$0.00,62e55607-4c1f-46ab-aae7-391b65a125c4
2,0,Hypnotic Cloud,Invasion,IN,109,,German,,,,,,,,8475,,"",$0.00,a7502ea2-7555-449e-baee-6ecef5573a3b
2,0,Illuminated Wings,Urza's Destiny,CG,34,,German,,,,,,,,6948,,"",$0.00,7f98e703-a0d3-497f-840a-aa026b02d47f
1,0,Infantry Veteran,Iconic Masters,IMA,24,,English,,,,,,,,37128,,"",$0.00,ec4b0fd0-045d-4a96-9a57-c7ba1548b4cd
3,0,Infernal Caretaker,Legions,LGN,76,,English,,,,,,,,11747,,"",$0.00,8a028a30-6242-4d87-9501-d1826ecb69b0
2,0,"Inner Calm, Outer Strength",Saviors of Kamigawa,SOK,133,,German,,,,,,,,13793,,"",$0.00,40f56817-aabf-469c-a82c-37315decc73c
1,0,Inspiration,Welcome Deck 2017,W17,10,,English,,,,,,,,35555,,"",$0.00,95233b5e-9401-4d6d-8ec4-959ca22270ff
1,0,Invigorate,Double Masters,2XM,172,,English,,,,,,,,52136,,"",$0.00,e0899da3-7beb-4161-81a3-e2d694e5b8a5
1,0,Ironroot Treefolk,Fifth Edition,5E,167,,English,,,,,,,,11214,,"",$0.00,6bdbba38-b4c9-4c14-b869-669b39390e4e
1,0,Irradiate,Mirrodin,MRD,67,,German,,,,,,,,12857,,"",$0.00,7e0460cf-ff87-4cf8-89b5-a8b9fb7322e0
1,0,Ivy Seer,Urza's Destiny,CG,110,,German,,,,,,,,3992,,"",$0.00,018ad11c-1351-4eff-94ac-3926037d7247
1,0,Jeweled Torque,Mercadian Masques,MM,301,,German,,,,,,,,7733,,"",$0.00,eab076bc-e4c3-42a1-b701-9bc49bcc3cdd
1,0,Jolrael's Favor,Prophecy,PR,116,,English,,,,,,,,8877,,"",$0.00,8275ecd7-f119-4cca-bef1-626a3272dd2c
2,0,Journey of Discovery,Mirrodin,MRD,123,,English,,,,,,,,12974,,"",$0.00,a3f4356f-8cfb-43ed-bdf9-6191bb563388
1,0,Journey of Discovery,Mirrodin,MRD,123,,German,,,,,,,,12974,,"",$0.00,a3f4356f-8cfb-43ed-bdf9-6191bb563388
1,0,Kagemaro's Clutch,Saviors of Kamigawa,SOK,74,,German,,,,,,,,14043,,"",$0.00,4fe4bb8d-bed8-4373-af9d-9332de910e06
1,0,Kalonian Behemoth,Magic 2010,M10,188,,German,,,,,,,,15918,,"",$0.00,77064471-d0c1-4988-8c47-f767bf9635f3
1,0,Kami of Empty Graves,Saviors of Kamigawa,SOK,75,,English,,,,,,,,15194,,"",$0.00,30502f07-760c-46d1-8b4a-d4bd4a23201f
1,0,Kami of Empty Graves,Saviors of Kamigawa,SOK,75,,German,,,,,,,,15194,,"",$0.00,30502f07-760c-46d1-8b4a-d4bd4a23201f
1,0,Kami of the Hunt,Champions of Kamigawa,CHK,219,,English,,,,,,,,14243,,"",$0.00,5ace3c4e-3287-4975-b4d0-91f009c0cf5b
1,0,Kami of the Waning Moon,Champions of Kamigawa,CHK,120,,English,,,,,,,,13061,,"",$0.00,23a395a6-b1f5-4b7f-87cc-c77b4d497e9a
1,0,Karn's Touch,Mercadian Masques,MM,86,,German,,,,,,,,7030,,"",$0.00,07845861-f974-43b7-829c-79a4a41ac3e3
1,0,Karstoderm,Darksteel,DST,77,,English,,,,,,,,11043,,"",$0.00,028c52f2-c45b-42da-89bd-cdd5cd7850f3
1,0,Kashi-Tribe Warriors,Champions of Kamigawa,CHK,221,,English,,,,,,,,13067,,"",$0.00,7cd4df4a-fbab-4598-ad8e-b24ed0bb4497
1,0,Kavu Climber,Masters 25,A25,175,,English,,,,,,,,38181,,"",$0.00,da95f41d-ad5a-4861-94e2-a564dbf4f3c9
1,0,Kavu Recluse,Planeshift,PS,64,,German,,,,,,,,9252,,"",$0.00,6f04ac02-3eff-4a66-8320-ee7b4357522f
1,0,Keldon Vandals,Urza's Destiny,CG,91,,German,,,,,,,,3942,,"",$0.00,f18cdf4d-42ce-4f2d-8b8f-8cf52a1b8db4
1,0,Kingfisher,Urza's Destiny,CG,36,,German,,,,,,,,3913,,"",$0.00,442bc3ba-00b3-4616-a5b2-55524ff8a736
1,0,Kodama's Might,Champions of Kamigawa,CHK,224,,German,,,,,,,,14324,,"",$0.00,d0ef91bb-ec25-463f-9fc9-f0f9c0652cf5
3,0,Kodama's Reach,Outlaws of Thunder Junction Commander,OTC,196,,German,,,,,,,,90767,,"",$0.00,eddf5231-7c46-417b-82c3-f6a8ede5ac9c
1,0,Krosan Archer,Odyssey,OD,246,,English,,,,,,,,9832,,"",$0.00,e188562f-8219-4fb0-ac2c-5618cfb00bca
1,0,Krosan Avenger,Odyssey,OD,247,,German,,,,,,,,9826,,"",$0.00,0afd6911-32b5-410a-afb0-fd3d2996fe59
1,0,Krosan Drover,Scourge,SCG,122,,English,,,,,,,,11720,,"",$0.00,e92a7141-119f-4bf8-a82d-eb7c0c37185c
1,0,Krosan Restorer,Dominaria Remastered,DMR,168,,German,,,,,,,,73501,,"",$0.00,12508498-ecb7-4df9-b83f-87ef3bc2f4e2
1,0,Krosan Tusker,Foundations Jumpstart,j25,681,,German,,,,,,,,98674,,"",$0.00,e2a49801-9838-4487-9ec6-cf087e1bb053
1,0,Krosan Vorine,Legions,LGN,131,,English,,,,,,,,11822,,"",$0.00,b7d1c6c6-16b3-4a52-aeda-683b1aeb0e7f
1,0,Krosan Wayfarer,Judgment,JUD,123,,English,,,,,,,,10566,,"",$0.00,5356e684-c2fc-465e-a16c-7300824d2a8d
1,0,Kyren Legate,Mercadian Masques,MM,197,,English,,,,,,,,7697,,"",$0.00,6f0e9806-be8c-4b88-a4be-0111d1be81d9
1,0,Land Grant,Mercadian Masques,MM,255,,German,,,,,,,,7073,,"",$0.00,d6862005-32d1-473e-a28b-5dfc4b7782cd
1,0,Larceny,Eighth Edition,8ED,139,,German,,,,,,,,12022,,"",$0.00,1cb3eddb-cd89-4cec-92b4-4006dece36a8
1,0,Last Caress,Apocalypse,AP,41,,German,,,,,,,,9556,,"",$0.00,12317075-92a2-4b3a-a694-3b764132beaf
2,0,Lava Axe,Core Set 2019,M19,150,,English,,,,,,,,39672,,"",$0.00,c3dab325-8f4f-4288-9f3f-960e52b4335b
1,0,Lava Zombie,Planeshift,PS,113,,English,,,,,,,,9197,,"",$0.00,fd87185b-1242-4fb3-abee-44bc267ee5fb
1,0,Lay of the Land,Conspiracy: Take the Crown,CN2,185,,English,,,,,,,,33217,,"",$0.00,42018b2d-b8db-4d37-b42f-15ee0d1a22ee
1,0,Lay of the Land,Apocalypse,AP,81,,English,,,,,,,,9438,,"",$0.00,90b10608-8917-4337-ad60-ab31ab8c0fc4
1,0,Leaf Dancer,Odyssey,OD,249,,German,,,,,,,,9834,,"",$0.00,aebab65c-7d5f-4086-8eb1-7dc445e801e9
1,0,Leery Fogbeast,Onslaught,ONS,273,,English,,,,,,,,11133,,"",$0.00,56125660-2307-4270-a947-f1f4ad63841c
1,0,Liberate,Invasion,IN,21,,German,,,,,,,,8387,,"",$0.00,96794470-31ea-478f-b11c-dc8342a508e2
1,0,Lightning Bolt,Game Night: Free-for-All,GN3,83,,German,,,,,,,,69988,,"",$0.00,a6de74d2-0668-49c6-a385-bf706bfed8f7
2,0,Lightning Elemental,Magic 2012,M12,149,,German,,,,,,,,18845,,"",$0.00,e106b6af-a13c-42be-9368-9109795de517
1,0,Lightning Hounds,Mercadian Masques,MM,201,,German,,,,,,,,7063,,"",$0.00,38c82a1d-5db1-4090-b446-cc5bc6dc811d
1,0,Lightwielder Paladin,Magic 2010,M10,19,,German,foil,,,,,,,15941,,"",$0.00,8e4146a2-08a2-4a9c-b208-a2d02c68e713
1,0,Lingering Death,Scourge,SCG,69,,German,,,,,,,,11658,,"",$0.00,f174fd76-f28d-4272-8cb0-7f66cd60579e
1,0,Llanowar Elves,Foundations,fdn,227,,English,,,,,,,,97404,,"",$0.00,6a0b230b-d391-4998-a3f7-7b158a0ec2cd
1,0,Lone Wolf,Eighth Edition,8ED,262,,English,,,,,,,,12119,,"",$0.00,309d32e9-c9b0-46bb-8d99-1ddd2e34a60b
2,0,Looming Shade,Magic 2010,M10,103,,English,,,,,,,,15997,,"",$0.00,84a6703c-38d4-4c86-b5b0-ebfde81bb1bf
1,0,Looming Shade,Magic 2010,M10,103,,German,,,,,,,,15997,,"",$0.00,84a6703c-38d4-4c86-b5b0-ebfde81bb1bf
1,0,Lose Hope,Fifth Dawn,5DN,52,,English,,,,,,,,13030,,"",$0.00,438d7bf6-00f4-4c7e-b1a4-f7fd690d4788
1,0,Lost Soul,Classic Sixth Edition,6E,142,,English,,,,,,,,7751,,"",$0.00,401896ac-6234-468a-a9af-cf11c7a11cd0
1,0,Lunge,Mercadian Masques,MM,203,,German,,,,,,,,7062,,"",$0.00,e9e43349-429c-43f7-b808-c4bf37370a9f
1,0,Lure,Iconic Masters,IMA,175,,English,,,,,,,,37279,,"",$0.00,72c8336d-54cf-45af-a9ef-a1428facf91b
1,0,Mages' Contest,Invasion,IN,154,,German,,,,,,,,8546,,"",$0.00,c516861c-68d9-4d02-a343-689dba0526c6
1,0,Maggot Carrier,Eighth Edition,8ED,142,,English,,,,,,,,11988,,"",$0.00,cd2ee72e-68d3-46b9-abc6-08532ce412b2
1,0,Maggot Carrier,Eighth Edition,8ED,142,,German,,,,,,,,11988,,"",$0.00,cd2ee72e-68d3-46b9-abc6-08532ce412b2
1,0,Maggot Therapy,Mercadian Masques,MM,145,,German,,,,,,,,7046,,"",$0.00,6ab963aa-2304-4ee6-a8c7-c485c5133b40
1,0,Magistrate's Veto,Mercadian Masques,MM,204,,German,,,,,,,,7710,,"",$0.00,2f83d39e-bf49-4968-829e-c0e9abf2fb86
1,0,Magma Burst,Planeshift,PS,66,,German,,,,,,,,9214,,"",$0.00,d9752bc3-0bdf-4657-8750-73c8cbc8e83f
1,0,Magnify,Urza's Destiny,CG,111,,German,,,,,,,,4558,,"",$0.00,7b9bb2c6-f1a6-42c3-a7cb-3a1a46854c9b
1,0,Mana Cylix,Conflux,CON,138,,German,,,,,,,,6648,,"",$0.00,68e25c75-5e20-4990-9b7e-9d04c94fee9f
1,0,Mana Skimmer,Time Spiral,TSP,117,,English,,,,,,,,274,,"",$0.00,8a39ed44-bc0c-40e2-ba53-cd586c2d5877
1,0,Maniacal Rage,Core Set 2020,M20,149,,German,,,,,,,,45346,,"",$0.00,29a51b9b-881f-4f02-b49e-68fcca234161
1,0,Mark of Fury,Urza's Destiny,CG,93,,German,,,,,,,,3953,,"",$0.00,5b21b2f4-a05d-477b-8a39-632f7ff7f5f5
1,0,Marker Beetles,Urza's Destiny,CG,112,,German,,,,,,,,3990,,"",$0.00,5cbd3c78-197a-40b9-94d1-bbb1ec1e64b1
1,0,Marsh Boa,Prophecy,PR,118,,English,,,,,,,,8881,,"",$0.00,87c99bb6-a483-4beb-b98c-eb641fe3d50a
1,0,Martyr of Bones,Coldsnap,CSP,65,,German,,,,,,,,1226,,"",$0.00,8bba602e-5a81-4da2-99c0-6082f8a981e1
1,0,Martyr of Spores,Coldsnap,CSP,113,,German,,,,,,,,1238,,"",$0.00,375fc47b-9a1b-4540-9c07-09e4e92ab974
1,0,Matsu-Tribe Birdstalker,Saviors of Kamigawa,SOK,137,,German,,,,,,,,13767,,"",$0.00,f1afb0c0-e138-4d2b-b3aa-fa40778f8d79
1,0,Matsu-Tribe Decoy,Champions of Kamigawa,CHK,227,,German,,,,,,,,14106,,"",$0.00,14bf9bec-9a5d-48a6-941b-95e1633b9484
1,0,Memory Lapse,Eternal Masters,EMA,60,,English,,,,,,,,31454,,"",$0.00,30202613-d05f-4f47-af97-d0b75ccac293
1,0,Midnight Covenant,Champions of Kamigawa,CHK,125,,English,,,,,,,,13093,,"",$0.00,5d797e91-3fc7-4f62-8cd8-dbd5f445e69c
1,0,Might of Oaks,Magic 2010,M10,192,,German,,,,,,,,15820,,"",$0.00,438a324b-cf3e-4a0f-95c4-cd548586f7e5
1,0,Mind Control,Magic 2012,M12,67,,German,,,,,,,,18870,,"",$0.00,ec7f77af-17d7-4746-bc83-f455b9b6f9ea
1,0,Mind Extraction,Apocalypse,AP,42,,English,,,,,,,,9504,,"",$0.00,7d77ddcc-e66b-4036-8a55-ec42953918d1
2,0,Mind Rot,Core Set 2021,M21,115,,German,,,,,,,,50626,,"",$0.00,833a8604-92d5-443b-9bc0-bd91c973ef07
1,0,Mind Swords,Nemesis,NE,60,,English,,,,,,,,8162,,"",$0.00,3d6d91df-008b-48f2-a84f-550702fbcdb3
1,0,Mindstab,Time Spiral Remastered,TSR,123,,English,,,,,,,,55509,,"",$0.00,542f97fa-6295-4c87-86a8-7ff2bc8b5e81
2,0,Misshapen Fiend,Mercadian Masques,MM,147,,German,,,,,,,,7037,,"",$0.00,a43cf59e-7583-4651-968a-2a7201c69b6b
2,0,Misstep,Mercadian Masques,MM,88,,German,,,,,,,,7028,,"",$0.00,8e23f5a1-bf3e-41e0-875f-fc2f8508e69f
1,0,Molting Harpy,Mercadian Masques,MM,148,,German,,,,,,,,7676,,"",$0.00,ddfe33fb-71d5-4552-bcd3-f07e4e3847e1
1,0,Monstrous Growth,Eighth Edition,8ED,266,,German,,,,,,,,12129,,"",$0.00,7e5a2687-af7a-42ad-8938-f3534c7da222
1,0,Morgue Theft,Odyssey,OD,151,,German,,,,,,,,9797,,"",$0.00,937465ca-4cf7-4412-86eb-264efb0fdddd
2,0,Morgue Toad,Duel Decks: Ajani vs. Nicol Bolas,DDH,47,,English,,,,,,,,19227,,"",$0.00,a58ee3b2-45db-48b5-b8fd-f8b9468b17b6
2,0,Morgue Toad,Duel Decks: Ajani vs. Nicol Bolas,DDH,47,,German,,,,,,,,19227,,"",$0.00,a58ee3b2-45db-48b5-b8fd-f8b9468b17b6
3,0,Moriok Scavenger,Mirrodin,MRD,68,,English,,,,,,,,12358,,"",$0.00,0f27426b-3679-44e4-9249-f57b92baa3f3
1,0,Moriok Scavenger,Mirrodin,MRD,68,,German,,,,,,,,12358,,"",$0.00,0f27426b-3679-44e4-9249-f57b92baa3f3
1,0,Moss Kami,Champions of Kamigawa,CHK,228,,German,,,,,,,,14145,,"",$0.00,a437cde4-c40b-40a3-bc19-e461c98186dc
1,0,Moss Monster,Eighth Edition,8ED,267,,English,,,,,,,,12127,,"",$0.00,15511fda-92ae-4d27-8a83-37e821ec3adf
1,0,Mountain Goat,Classic Sixth Edition,6E,195,,English,,,,,,,,5229,,"",$0.00,47754124-37e2-4878-a711-a3e00ae0bc70
3,0,Mournful Zombie,Apocalypse,AP,43,,English,,,,,,,,9428,,"",$0.00,9ba12fb1-de8c-46c6-b33f-e0580ed2a3ee
1,0,Mourning,Invasion,IN,111,,German,,,,,,,,8473,,"",$0.00,4649d881-709f-4ed0-91de-744d232a82f5
1,0,Multani's Decree,Urza's Destiny,CG,114,,German,,,,,,,,3994,,"",$0.00,58b4d5c8-23fc-4fb8-99d6-bb64e66cc4db
1,0,Multani's Harmony,Planeshift,PS,84,,English,,,,,,,,8313,,"",$0.00,c76352ea-e3d2-4221-8ebe-e953301c35ab
1,0,Nantuko Disciple,Eighth Edition,8ED,268,,English,,,,,,,,12125,,"",$0.00,32bd6695-ee30-4ab1-a732-26b073c2fec6
2,0,Nantuko Husk,Magic Origins,ORI,109,,English,,,,,,,,28346,,"",$0.00,3915c0be-7e9c-45bc-9c83-80beba469a81
1,0,Nantuko Tracer,Judgment,JUD,125,,English,,,,,,,,10739,,"",$0.00,16b93c93-5944-4289-bc5a-30b6e73b0dfd
1,0,Nantuko Vigilante,Murders at Karlov Manor Commander,MKC,177,,English,,,,,,,,87809,,"",$0.00,ec33d7d5-08f4-4737-bc5f-0be4b595395a
1,0,Naturalize,Core Set 2019,M19,190,,English,,,,,,,,39453,,"",$0.00,390c40ba-2464-44ae-8d67-93c72ab3c425
2,0,Naturalize,Core Set 2019,M19,190,,German,,,,,,,,39453,,"",$0.00,390c40ba-2464-44ae-8d67-93c72ab3c425
1,0,Nature's Spiral,Dominaria,DOM,175,,German,,,,,,,,38623,,"",$0.00,6666b95e-80de-4bf7-bae6-8a7e991b38ad
2,0,Nausea,Eternal Masters,EMA,97,,English,,,,,,,,31570,,"",$0.00,2569173f-df5e-4518-9fb3-f972210595df
1,0,Nausea,Eighth Edition,8ED,148,,German,,,,,,,,11993,,"",$0.00,358efb1e-0366-4943-9a25-6a356e48773c
1,0,Necromancer's Magemark,Guildpact,GPT,53,,English,,,,,,,,459,,"",$0.00,3b045121-7742-41ee-be27-591692f42331
1,0,Needleshot Gourna,Legions,LGN,133,,English,,,,,,,,11490,,"",$0.00,f9b1628d-aacd-4e19-9ebb-bcd9b2842c91
2,0,Negate,March of the Machine,MOM,68,,German,,,,,,,,77162,,"",$0.00,81752db1-374e-4723-b695-a2f4a634dfc6
1,0,Nezumi Cutthroat,Masters 25,A25,99,,English,,,,,,,,38175,,"",$0.00,8a9c29bf-a177-40d5-9ade-129221222900
2,0,Nezumi Cutthroat,Champions of Kamigawa,CHK,128,,German,,,,,,,,14311,,"",$0.00,166af8cd-9690-4741-ade3-5d5f9723c431
3,0,Nezumi Ronin,Champions of Kamigawa,CHK,130,,English,,,,,,,,13104,,"",$0.00,0c3b8d6f-c60a-4107-b931-31b10f497237
1,0,Nightmare,Magic 2010,M10,107,,German,foil,,,,,,,15816,,"",$0.00,6b8d53fd-2d3b-4050-b5c5-1b75f525ca2c
2,0,Nightscape Apprentice,Invasion,IN,112,,German,,,,,,,,8460,,"",$0.00,7498ca4c-614a-4776-8886-0a6ed58520f6
1,0,Nightscape Battlemage,Planeshift,PS,47,,German,,,,,,,,9191,,"",$0.00,d5389643-4cc0-4a17-bc2d-7f9b76d30f9f
1,0,Nightscape Familiar,Dominaria Remastered,DMR,94,,German,,,,,,,,73427,,"",$0.00,4cf1918f-ad58-4f62-bd8c-649919de0e75
1,0,Nightsoil Kami,Saviors of Kamigawa,SOK,139,,German,,,,,,,,15362,,"",$0.00,5902f863-171e-4bb2-9d48-2c679d41f1a9
1,0,Nightwind Glider,Mercadian Masques,MM,31,,German,,,,,,,,7004,,"",$0.00,0968401d-522f-4def-92a1-d504471ac54e
1,0,Nim Lasher,Mirrodin,MRD,71,,English,,,,,,,,1449,,"",$0.00,7b66c698-02bd-48ef-a866-5251bdc02c16
1,0,Nim Lasher,Mirrodin,MRD,71,,German,,,,,,,,1449,,"",$0.00,7b66c698-02bd-48ef-a866-5251bdc02c16
2,0,Nim Shrieker,Mirrodin,MRD,73,,English,,,,,,,,12856,,"",$0.00,c3a2c39b-b302-4cc3-b507-e4fe00614036
1,0,Nim Shrieker,Mirrodin,MRD,73,,German,,,,,,,,12856,,"",$0.00,c3a2c39b-b302-4cc3-b507-e4fe00614036
1,0,Nomadic Elf,Duel Decks: Phyrexia vs. the Coalition,DDE,38,,English,,,,,,,,16769,,"",$0.00,fc4a26f7-36df-4018-8dab-a1294c36b0f0
1,0,Norwood Ranger,Ninth Edition,9ED,260,,German,,,,,,,,14612,,"",$0.00,4ebf3a7c-e065-468b-a73c-6f986cde3a3d
1,0,Nourish,Darksteel,DST,78,,English,,,,,,,,12432,,"",$0.00,0597dd97-fe6f-4e74-88e5-35528ada0140
1,0,Nullmage Advocate,Planechase Anthology,PCA,70,,English,,,,,,,,34362,,"",$0.00,f9b6338c-3ddf-47e2-8e03-ad536bcf474c
1,0,Oakenform,Core Set 2020,M20,341,,German,,,,,,,,45060,,"",$0.00,d1ca08a0-c58d-4c13-bf63-0401d89839b4
1,0,Order of the Sacred Bell,Ninth Edition,9ED,261,,English,,,,,,,,14348,,"",$0.00,310500b2-8539-441e-af89-81ddfa8ef080
1,0,Organ Grinder,Torment,TOR,75,,English,,,,,,,,10263,,"",$0.00,6233d4c3-9407-41b0-92a9-5f90dfd6a584
1,0,Orim's Cure,Mercadian Masques,MM,33,,German,,,,,,,,7007,,"",$0.00,754ae359-363b-456a-bbca-52fbfbaa86b8
1,0,Orochi Leafcaller,Champions of Kamigawa,CHK,234,,English,,,,,,,,13064,,"",$0.00,f6c39031-1c49-4c1e-83df-66c3795ddc72
3,0,Orzhov Euthanist,Ravnica Remastered,RVR,88,,English,,,,,,,,86604,,"",$0.00,cbed250a-3065-40ee-beaf-be1895cc4fa8
1,0,Orzhov Euthanist,Ravnica Remastered,RVR,88,,German,,,,,,,,86604,,"",$0.00,cbed250a-3065-40ee-beaf-be1895cc4fa8
2,0,Ostiary Thrull,Guildpact,GPT,55,,English,,,,,,,,15638,,"",$0.00,26407330-d7a1-4915-b7c6-e08e166cf638
1,0,Overgrowth,Jumpstart 2022,J22,702,,German,,,,,,,,71895,,"",$0.00,ce941f72-27b6-4fb5-a303-630686fb97a9
1,0,Overrun,Foundations,fdn,230,,German,,,,,,,,97407,,"",$0.00,1d8e9cbb-8bf4-4a48-a58e-79deb3abdf7f
1,0,Pacifism,Magic 2010,M10,22,,German,,,,,,,,15938,,"",$0.00,3d34551e-36a4-49ea-9d2a-4c72575fe06a
1,0,Palace Guard,Magic 2011,M11,24,,German,,,,,,,,17528,,"",$0.00,51e73c28-bf82-413e-bec2-adbb52fa6993
1,0,Panacea,Mercadian Masques,MM,308,,German,,,,,,,,7735,,"",$0.00,89414770-2a19-4baf-9b18-76104b7b0b9a
1,0,Panther Warriors,Classic Sixth Edition,6E,243,,German,,,,,,,,5249,,"",$0.00,ba165e25-5328-40f4-b87c-9d02590f9d38
1,0,Parallax Dementia,Nemesis,NE,62,,English,,,,,,,,8163,,"",$0.00,154789ac-bbea-467b-9655-76f378a53f40
1,0,Patriarch's Desire,Odyssey,OD,156,,German,,,,,,,,9802,,"",$0.00,309bc2e7-bece-493d-b7ab-0e08a9f40909
1,0,Patron of the Wild,Legions,LGN,134,,German,,,,,,,,11496,,"",$0.00,7f7a0810-3970-454f-8381-700d6c6aefdc
1,0,Pentagram of the Ages,Classic Sixth Edition,6E,306,,English,,,,,,,,3829,,"",$0.00,939b5650-8b2c-4d2d-9829-3208c130116a
1,0,Penumbra Bobcat,Dominaria Remastered,DMR,172,,English,,,,,,,,73505,,"",$0.00,359fbd40-0f61-4ec7-872c-228a476c7ad5
1,0,Pestilence Rats,Ice Age,IA,45,,English,,,,,,,,8906,,"",$0.00,bff7f6a6-0e90-4eb4-b76e-d98454975fb6
1,0,Petalmane Baku,Betrayers of Kamigawa,BOK,139,,English,,,,,,,,13995,,"",$0.00,7c7ba032-66d6-41bd-af4f-9853b031a474
1,0,Phantasmal Terrain,Invasion,IN,65,,German,,,,,,,,8416,,"",$0.00,ea56a1bb-f52c-4c6b-a089-1f78600f3db0
1,0,Phantom Tiger,Iconic Masters,IMA,181,,English,,,,,,,,37285,,"",$0.00,72f8a506-04e4-4f6f-9f81-f31db562f7c6
1,0,Phantom Warrior,Core Set 2020,M20,316,,German,,,,,,,,45098,,"",$0.00,11cbdf06-f6b5-4bd8-80bf-6d7e57649684
1,0,Phyrexian Reaper,Invasion,IN,117,,English,,,,,,,,8478,,"",$0.00,ccdd498b-1081-43fe-8193-518337a5a3ea
1,0,Phyrexian Reaper,Invasion,IN,117,,German,,,,,,,,8478,,"",$0.00,ccdd498b-1081-43fe-8193-518337a5a3ea
1,0,Phyrexian Slayer,Invasion,IN,118,,English,,,,,,,,8484,,"",$0.00,5fa8c604-343f-4c94-ac25-439ab1845c19
1,0,Pious Warrior,Mercadian Masques,MM,34,,German,,,,,,,,7012,,"",$0.00,bc20c1f0-9883-484c-88d8-1cab08d0b210
2,0,Pit Keeper,Time Spiral Remastered,TSR,130,,English,,,,,,,,55516,,"",$0.00,5f731d16-d969-40a8-a002-4d40eb8f6bac
3,0,Plague Beetle,Tenth Edition,10E,168,,English,,,,,,,,2162,,"",$0.00,8f5d3dac-98df-433f-a417-bcb9c91722fb
1,0,Plague Fiend,Prophecy,PR,73,,English,,,,,,,,8833,,"",$0.00,11f077f5-c0b0-4e94-8599-e2122bc87238
1,0,Plague Fiend,Prophecy,PR,73,,German,,,,,,,,8833,,"",$0.00,11f077f5-c0b0-4e94-8599-e2122bc87238
2,0,Plated Wurm,Portal Second Age,P2,81,,German,,,,,,,,13654,,"",$0.00,b51f8724-8f26-4a9d-b586-4223354ae7fc
1,0,Poisonbelly Ogre,Guildpact,GPT,57,,German,,,,,,,,300,,"",$0.00,a168b953-eac4-472e-ac74-598febb05f83
1,0,Predator's Strike,Mirrodin,MRD,128,,English,,,,,,,,12864,,"",$0.00,75e5bcc2-9203-4526-a9a9-fac6fd02a854
1,0,Primal Growth,Commander 2015,C15,198,,German,,,,,,,,30410,,"",$0.00,3324ce4f-e581-4614-aa5a-8a7905e9a911
1,0,Primal Growth,Commander Anthology,CMA,137,,English,,,,,,,,35840,,"",$0.00,6664675f-1ef6-49ba-8f08-cfeac2f38ec7
1,0,Prized Unicorn,Core Set 2020,M20,342,,German,,,,,,,,45039,,"",$0.00,baac1604-379f-4f03-97ae-9ec10921167c
2,0,Prodigal Pyromancer,Time Spiral Remastered,TSR,180,,German,,,,,,,,55566,,"",$0.00,cf16600a-c2a5-49e4-89e2-260cfaf58b52
1,0,Prohibit,Modern Horizons,MH1,64,,German,,,,,,,,44706,,"",$0.00,0ae544bf-7229-4b82-99ad-32c3af36e30f
1,0,Promised Kannushi,Saviors of Kamigawa,SOK,141,,English,,,,,,,,13780,,"",$0.00,7aac4236-9573-4cff-88d9-711a56da4346
1,0,Psychic Spear,Betrayers of Kamigawa,BOK,78,,English,,,,,,,,14041,,"",$0.00,1c2f024b-e77e-426b-930e-85b87e046f9b
1,0,Psychic Spear,Betrayers of Kamigawa,BOK,78,,German,,,,,,,,14041,,"",$0.00,1c2f024b-e77e-426b-930e-85b87e046f9b
1,0,Psychotic Episode,Time Spiral Remastered,TSR,132,,English,,,,,,,,55518,,"",$0.00,fa6d8c51-bff9-4eba-8c1b-2d45b7635c52
1,0,Psychotic Haze,Torment,TOR,76,,English,,,,,,,,10369,,"",$0.00,8d3f6cd2-0138-40e7-a975-3f7c68db0d93
1,0,Pygmy Kavu,Planeshift,PS,88,,English,,,,,,,,8553,,"",$0.00,b31c69ec-feb5-430a-a3e9-3a6f3fb8ee1c
2,0,Pygmy Kavu,Planeshift,PS,88,,German,,,,,,,,8553,,"",$0.00,b31c69ec-feb5-430a-a3e9-3a6f3fb8ee1c
1,0,Pygmy Razorback,Prophecy,PR,120,,English,,,,,,,,8880,,"",$0.00,0ad9744f-797a-4dd3-8617-192773be995c
1,0,Pyroclasm,Magic 2010,M10,152,,German,,,,,,,,15826,,"",$0.00,2df4f214-5db5-41ea-8e06-e8f0aaeac05d
1,0,Quagmire Druid,Commander 2013,C13,90,,English,,,,,,,,22268,,"",$0.00,ccb57a8b-1b2e-4119-a90e-b2b3de79e791
1,0,Quirion Dryad,Core Set 2021,M21,198,,English,,,,,,,,50709,,"",$0.00,a20d20f7-bc4d-42fa-9f5b-5bb330eb7f38
1,0,Quirion Explorer,Commander 2016,C16,160,,English,,,,,,,,33905,,"",$0.00,d56bae65-1811-4428-93f4-60c36ceee715
1,0,Quirion Explorer,Commander 2016,C16,160,,German,,,,,,,,33905,,"",$0.00,d56bae65-1811-4428-93f4-60c36ceee715
1,0,Quirion Sentinel,Invasion,IN,204,,German,,,,,,,,9299,,"",$0.00,2fc639ea-a925-4f1e-879f-b8fcb12bf257
1,0,Quirion Trailblazer,Invasion,IN,205,,English,,,,,,,,8551,,"",$0.00,c2b258c1-5fb4-4072-bb32-ad364df1874a
1,0,Rag Dealer,Champions of Kamigawa,CHK,138,,English,,,,,,,,14262,,"",$0.00,18ef007a-fcf4-4293-933e-4f9f7f602002
1,0,Rag Dealer,Champions of Kamigawa,CHK,138,,German,,,,,,,,14262,,"",$0.00,18ef007a-fcf4-4293-933e-4f9f7f602002
1,0,Ragged Veins,Champions of Kamigawa,CHK,139,,English,,,,,,,,14228,,"",$0.00,c7f3312f-71d0-4dfd-ba39-c2a2ff8d5bd0
1,0,Raging Goblin,Magic 2010,M10,153,,German,,,,,,,,15961,,"",$0.00,aa318c3a-70ae-499a-8022-b380f03fd53f
2,0,Raise Dead,Welcome Deck 2017,W17,18,,English,,,,,,,,35573,,"",$0.00,4950c3c2-80c1-4447-ac38-cf40f76b9545
2,0,Raise Dead,Welcome Deck 2017,W17,18,,German,,,,,,,,35573,,"",$0.00,4950c3c2-80c1-4447-ac38-cf40f76b9545
1,0,Ramosian Rally,Mercadian Masques,MM,38,,German,,,,,,,,7855,,"",$0.00,7fc0ff04-43e7-4a0d-b7e2-8bab72cc6cc0
1,0,Rampant Growth,Classic Sixth Edition,6E,246,,English,,,,,,,,2182,,"",$0.00,21061c59-f8f3-4d47-9996-6f75ef27bd4e
1,0,Rampart Crawler,Mercadian Masques,MM,156,,German,,,,,,,,7041,,"",$0.00,8b60f86f-c78a-4dfb-bb18-e9bcf21b26c4
1,0,Rancid Earth,Torment,TOR,78,,English,,,,,,,,10128,,"",$0.00,23d07a96-85ba-4714-94a5-4a8125954f58
1,0,Rathi Intimidator,Nemesis,NE,69,,German,,,,,,,,8158,,"",$0.00,6fc59fa5-144f-49e6-b6bd-2ba6d3f2eff2
2,0,Rats' Feast,Judgment,JUD,71,,English,,,,,,,,10718,,"",$0.00,b243ce02-4fff-444c-acc4-e1a199621a53
1,0,Ravenous Rats,Urza's Destiny,CG,68,,English,,,,,,,,2192,,"",$0.00,a9185188-9a32-4ccd-8f33-b0c299901d81
1,0,Ravenous Rats,Magic 2013,M13,106,,German,,,,,,,,20138,,"",$0.00,0642111c-f668-4acb-9df5-f0b920352407
1,0,"Rayne, Academy Chancellor",Urza's Destiny,CG,43,,German,,,,,,,,3927,,"",$0.00,8ee6480c-7697-47e2-893b-ca88c0ab3376
1,0,Razorfoot Griffin,Magic 2010,M10,25,,English,,,,,,,,15817,,"",$0.00,9dc4d69c-f61d-4122-9e0b-c88aa905d159
2,0,Razortooth Rats,Ninth Edition,9ED,158,,English,,,,,,,,14896,,"",$0.00,92750247-eba4-4810-a758-f943cd8a16b1
2,0,Reap and Sow,Darksteel,DST,81,,English,,,,,,,,11593,,"",$0.00,ff6c4ae7-8509-47a2-bc28-d131b1e6676c
1,0,Reap and Sow,Darksteel,DST,81,,German,,,,,,,,11593,,"",$0.00,ff6c4ae7-8509-47a2-bc28-d131b1e6676c
1,0,Reaping the Graves,Scourge,SCG,72,,German,,,,,,,,12338,,"",$0.00,760a66bd-2821-4710-8f02-3c30772dd884
1,0,Reckless Abandon,Urza's Destiny,CG,94,,German,,,,,,,,3957,,"",$0.00,8f335d43-cacb-40ad-93c1-9a861e9f66c7
2,0,Recover,Rivals of Ixalan,RIX,84,,German,,,,,,,,37761,,"",$0.00,f2f4e0a8-7af7-4422-a964-c19503692ba6
1,0,Refresh,Odyssey,OD,264,,English,,,,,,,,10140,,"",$0.00,0084ba4e-98eb-4eb4-b23e-c5ab4d7d95cb
1,0,Regeneration,Tenth Edition,10E,290,,English,,,,,,,,2199,,"",$0.00,4b848c69-0f64-4631-84b9-6597c359f3ba
2,0,Remote Farm,Mercadian Masques,MM,323,,German,,,,,,,,7083,,"",$0.00,115cab84-60d7-4bf2-9beb-b4ed7b5ceaf4
1,0,Rend Spirit,Champions of Kamigawa,CHK,141,,English,,,,,,,,13054,,"",$0.00,100f0235-a7fe-4e23-b154-3d30668a29a7
1,0,Rend Spirit,Champions of Kamigawa,CHK,141,,German,,,,,,,,13054,,"",$0.00,100f0235-a7fe-4e23-b154-3d30668a29a7
1,0,Rending Vines,Saviors of Kamigawa,SOK,143,,English,,,,,,,,13844,,"",$0.00,34cf7931-d086-496e-98dc-5daa60e01f5b
1,0,Replenish,Urza's Destiny,CG,15,,English,,,,,,,,3910,,"",$0.00,7fd2fe13-bbc0-42b7-bc42-3b51910ce118
1,0,Restless Bones,Guildpact,GPT,58,,English,,,,,,,,15566,,"",$0.00,4d11a4f2-376e-42ae-9693-9dc754bd2282
1,0,Restless Dead,Mirage,MI,36,,English,,,,,,,,10320,,"",$0.00,a237cff4-af6f-4745-bda1-e3ed2267fa89
1,0,Reviving Dose,Tenth Edition,10E,34,,German,,,,,,,,2850,,"",$0.00,15b3dd79-ac4c-4ffc-9442-1efa0082f60f
1,0,Rib Cage Spider,Prophecy,PR,121,,English,,,,,,,,8869,,"",$0.00,d71bebea-1634-4d9a-b3ad-2e01ecacad7e
1,0,Righteousness,Jumpstart 2022,J22,235,,German,,,,,,,,71428,,"",$0.00,ed7ee36d-fdaa-4520-a86a-0feb93a7f9b4
1,0,Rimebound Dead,Coldsnap,CSP,69,,German,,,,,,,,1229,,"",$0.00,6877469b-f14e-4121-aa5d-6cea92ab7278
2,0,Rise from the Grave,Zendikar Rising Commander,ZNC,53,,German,,,,,,,,53166,,"",$0.00,f0f85057-5f4b-47d8-bb00-d993bed1a755
1,0,Rishadan Cutpurse,Mercadian Masques,MM,93,,German,,,,,,,,7026,,"",$0.00,947fc270-11e3-46cd-9086-e880a5845c79
1,0,Rogue Elephant,Weatherlight,WL,81,,German,,,,,,,,11974,,"",$0.00,1b622b2f-84ad-4203-97fa-35af09e1c370
1,0,Ronom Hulk,Coldsnap,CSP,119,,German,,,,,,,,1327,,"",$0.00,e5b4b14c-e6fa-4cd2-9be7-fa2a2df05de1
1,0,Root Greevil,Planeshift,PS,91,,English,,,,,,,,15327,,"",$0.00,306e3429-b3b4-4186-935b-18cfc308d22c
1,0,Root Greevil,Planeshift,PS,91,,German,,,,,,,,15327,,"",$0.00,306e3429-b3b4-4186-935b-18cfc308d22c
1,0,Rootbreaker Wurm,Ninth Edition,9ED,267,,German,,,,,,,,14576,,"",$0.00,ae084007-69ba-4857-9b0c-28455897f25c
1,0,Rouse,Mercadian Masques,MM,157,,German,,,,,,,,7180,,"",$0.00,ad01a8e2-5dc5-49a3-ad1c-7d5bf006b774
1,0,Runeclaw Bear,Magic 2010,M10,203,,English,,,,,,,,15844,,"",$0.00,268bd9d5-4da1-4cbf-83f9-47f7aac1cfc3
1,0,Rushwood Dryad,Tenth Edition,10E,294,,English,,,,,,,,3256,,"",$0.00,3ed23582-3260-44c6-9884-904d294442ad
1,0,Sadistic Augermage,Ravnica: City of Guilds,RAV,103,,German,,,,,,,,14983,,"",$0.00,40283989-c2cc-4f17-a817-2c548d2ce71f
1,0,Sage Owl,Classic Sixth Edition,6E,95,,English,,,,,,,,3007,,"",$0.00,45f83acb-c7be-49cf-895b-9fa6f4d32083
1,0,Sage Owl,Magic 2010,M10,69,,German,,,,,,,,15861,,"",$0.00,d48af662-25a3-46a0-a48c-ba8cc417490c
1,0,Sakura-Tribe Elder,Duskmourn: House of Horror Commander,DSC,194,,German,,,,,,,,94876,,"",$0.00,7a0dd468-9317-42bd-946d-ef96805fc6a4
1,0,Samite Elder,Planeshift,PS,14,,German,,,,,,,,8398,,"",$0.00,b3c5dccc-2a48-4dcc-a796-fa6fdc11a14e
1,0,Samite Ministration,Invasion,IN,36,,German,,,,,,,,8388,,"",$0.00,b1de62ed-79e6-4daf-a2ab-dc0726e1f7df
1,0,Sangrophage,Time Spiral Remastered,TSR,135,,English,,,,,,,,55521,,"",$0.00,c9ceaa1f-4c11-4f06-aa87-2f2a0deb47e1
1,0,Sangrophage,Time Spiral Remastered,TSR,135,,German,,,,,,,,55521,,"",$0.00,c9ceaa1f-4c11-4f06-aa87-2f2a0deb47e1
3,0,Saprazzan Outrigger,Mercadian Masques,MM,101,,German,,,,,,,,8257,,"",$0.00,b28048f1-4cf5-4389-9e69-9b5e1bc95396
1,0,Savage Thallid,Time Spiral,TSP,213,,German,,,,,,,,253,,"",$0.00,a87cbbdb-3bbc-48da-b5e3-fcdbddebec81
1,0,Scaled Hulk,Betrayers of Kamigawa,BOK,143,,German,,,,,,,,14034,,"",$0.00,3b27457e-2c40-4983-9680-b7292db4c668
1,0,Scaled Wurm,Conspiracy,CNS,178,,English,,,,,,,,24742,,"",$0.00,bd17b2c1-c3dd-4f6f-a44c-dc81c6bc1c94
3,0,Scathe Zombies,Tenth Edition,10E,175,,English,,,,,,,,2275,,"",$0.00,037cbf71-1199-4457-9b09-f66e7cb294d5
1,0,Scathe Zombies,Tenth Edition,10E,175,,German,,,,,,,,2275,,"",$0.00,037cbf71-1199-4457-9b09-f66e7cb294d5
1,0,Scatter the Seeds,The List,PLIST,106,,English,,,,,,,,48203,GK1,"",$0.00,0335747a-3411-47c7-8e40-0bd22d219b22
1,0,Scavenged Weaponry,Invasion,IN,123,,English,,,,,,,,8471,,"",$0.00,4e8072a9-2699-4c6c-9556-67d91bd67a4b
2,0,Scavenging Scarab,Darksteel,DST,51,,English,,,,,,,,12447,,"",$0.00,023603c1-3f1e-42d1-81e1-535547ef6ee0
1,0,Scent of Cinder,Urza's Destiny,CG,96,,German,,,,,,,,4043,,"",$0.00,c030eca0-bc5f-403b-8600-1f295fc85fee
1,0,Scent of Ivy,Urza's Destiny,CG,120,,German,,,,,,,,4058,,"",$0.00,a56b4894-b959-4d00-b631-95d26eb85a4e
1,0,Scent of Jasmine,Urza's Destiny,CG,17,,German,,,,,,,,4042,,"",$0.00,c0dae0cf-9696-498c-8d28-dc8c239faec7
2,0,Screeching Buzzard,Battlebond,BBD,158,,English,,,,,,,,38898,,"",$0.00,ab285e6a-b937-4b34-ba20-662d36b9f3dc
1,0,Scuttling Death,Champions of Kamigawa,CHK,142,,English,,,,,,,,14156,,"",$0.00,d8d9bf4e-3bb1-4154-b1ff-a3d8a2810c1b
1,0,Scuttling Death,Champions of Kamigawa,CHK,142,,German,,,,,,,,14156,,"",$0.00,d8d9bf4e-3bb1-4154-b1ff-a3d8a2810c1b
1,0,Sea Snidd,Planeshift,PS,31,,German,,,,,,,,9274,,"",$0.00,ca11015e-200b-488c-8bf5-662dcc03cd2d
1,0,Search for Tomorrow,Dominaria United Commander,DMC,137,,English,,,,,,,,68012,,"",$0.00,4a0c73a9-38a2-4a3d-938e-b81ba166f0ff
1,0,Seashell Cameo,Invasion,IN,311,,German,,,,,,,,8647,,"",$0.00,9efdbcad-e2e4-4f54-ade5-920b1853109e
1,0,Seismic Strike,Magic 2010,M10,154,,English,,,,,,,,15927,,"",$0.00,6526a501-9402-44c1-8e3c-ce01b4ed5b87
1,0,Serpent Skin,Champions of Kamigawa,CHK,240,,German,,,,,,,,14137,,"",$0.00,8c5722d9-d1a4-4ad2-bf85-db666d4a30d9
1,0,Serpent Warrior,Eighth Edition,8ED,161,,English,,,,,,,,14872,,"",$0.00,dfcf5fb1-391c-472a-8b06-503162e458d7
1,0,Serpentine Kavu,Invasion,IN,211,,English,,,,,,,,8548,,"",$0.00,699f1fe8-02c6-4d95-9231-3f8aefe603da
1,0,Serpentine Kavu,Invasion,IN,211,,German,,,,,,,,8548,,"",$0.00,699f1fe8-02c6-4d95-9231-3f8aefe603da
1,0,Serra Angel,Foundations,fdn,147,,English,,,,,,,,97324,,"",$0.00,3cee9303-9d65-45a2-93d4-ef4aba59141b
3,0,Severed Legion,Tenth Edition,10E,177,,English,,,,,,,,2196,,"",$0.00,82633f38-5af1-429e-8c9d-db536af85309
2,0,Severed Legion,Tenth Edition,10E,177,,German,,,,,,,,2196,,"",$0.00,82633f38-5af1-429e-8c9d-db536af85309
1,0,Shepherd of Rot,Planechase,HOP,40,,English,,,,,,,,16432,,"",$0.00,6ee5a529-3223-4982-83d1-eb517c2a258c
1,0,Shepherd of Rot,Onslaught,ONS,168,,German,,,,,,,,11034,,"",$0.00,952c021f-74c9-455f-9cd9-f0d354e8bea8
1,0,Shivan Dragon,Magic 2010,M10,156,,German,foil,,,,,,,15883,,"",$0.00,c5efc94a-b644-4cc4-9598-2ce16fe68420
1,0,Shriek of Dread,Planeshift,PS,53,,German,,,,,,,,9513,,"",$0.00,54a7fb3b-8e81-4763-b2a1-7c2108a00afe
1,0,Siege Wurm,Ravnica Remastered,RVR,155,,English,,,,,,,,86671,,"",$0.00,19c55fc1-11e5-4e67-ba49-604f5b574c2d
1,0,Siege Wurm,Ravnica Remastered,RVR,155,,German,,,,,,,,86671,,"",$0.00,19c55fc1-11e5-4e67-ba49-604f5b574c2d
2,0,Sigil of Sleep,Urza's Destiny,CG,46,,German,,,,,,,,4434,,"",$0.00,a31f3c70-e2c3-479e-8d22-2fd1429e9857
1,0,Silt Crawler,Prophecy,PR,123,,English,,,,,,,,8871,,"",$0.00,f334e864-4e62-4bc3-9470-661be3d879e2
1,0,Silver Drake,Planeshift,PS,125,,German,,,,,,,,9195,,"",$0.00,ac35ee86-96b2-47aa-a1ba-2988737f11ee
1,0,Silvercoat Lion,Magic 2013,M13,35,,German,,,,,,,,20257,,"",$0.00,9d33e866-cfd8-44e6-8070-df8df1ce965d
1,0,Simian Brawler,Jumpstart 2022,J22,729,,German,,,,,,,,71922,,"",$0.00,c20f5455-70ac-416c-8cf4-021b41e51a7e
1,0,Simic Initiate,Dissension,DIS,92,,German,,,,,,,,413,,"",$0.00,6602c592-3cde-4e73-919c-1d3f3df22092
1,0,Simplify,Odyssey,OD,269,,German,,,,,,,,9830,,"",$0.00,7a43fd3e-1e08-400c-b22b-e22da82bcdee
1,0,Sinister Strength,Planeshift,PS,54,,German,,,,,,,,9223,,"",$0.00,afe487b8-c1ae-483d-bcd5-62c62b66a22e
1,0,Sink into Takenuma,Saviors of Kamigawa,SOK,89,,German,,,,,,,,15187,,"",$0.00,d519df1b-0c81-4d0d-85c6-2a288c6fa269
1,0,Sisay's Ingenuity,Planeshift,PS,33,,German,,,,,,,,9293,,"",$0.00,bbe20cc1-621a-4813-9bbb-ace006e173ff
1,0,Skarrgan Pit-Skulk,Duel Decks: Mind vs. Might,DDS,50,,English,,,,,,,,35094,,"",$0.00,30991c55-f39d-41f3-b584-f535f5f70f5a
2,0,Skinthinner,Commander 2019,C19,129,,English,,,,,,,,45958,,"",$0.00,e0c9b43c-e544-47eb-98f5-45d1b57aabb4
1,0,Skittering Horror,Urza's Destiny,CG,70,,German,,,,,,,,9380,,"",$0.00,80cd2771-9681-4b4a-8c2c-a2ffd7361c35
2,0,Skulking Fugitive,Mercadian Masques,MM,161,,German,,,,,,,,7042,,"",$0.00,175ed19c-9635-45ee-bb2c-32b96270a246
1,0,Skulking Knight,Time Spiral,TSP,130,,English,,,,,,,,1194,,"",$0.00,a7f7927b-64ae-4448-9540-8d7bbe88c9cc
2,0,Skullmane Baku,Betrayers of Kamigawa,BOK,83,,German,,,,,,,,14049,,"",$0.00,005edd3a-238d-471a-8d5b-2df735c49f67
2,0,Skullsnatcher,Planechase 2012,PC2,36,,German,,,,,,,,19815,,"",$0.00,e8c77b13-073a-4834-9999-0e0a6879dfe0
1,0,Skulltap,Scourge,SCG,73,,English,,,,,,,,11661,,"",$0.00,48a90779-008e-401f-9877-be0a935d2ccd
2,0,Skulltap,Scourge,SCG,73,,German,,,,,,,,11661,,"",$0.00,48a90779-008e-401f-9877-be0a935d2ccd
2,0,Sleep,Core Set 2019,M19,74,,German,,,,,,,,39707,,"",$0.00,e0c53e64-69cf-4296-8a1e-f8817f25c0b4
1,0,Slingshot Goblin,Planeshift,PS,72,,German,,,,,,,,8283,,"",$0.00,81825aef-bef7-46b7-bf52-29e32c1836b0
1,0,Slinking Skirge,Urza's Destiny,CG,71,,German,,,,,,,,4435,,"",$0.00,00522c4b-4e64-4403-96b1-df41afbe255f
5,0,Smokespew Invoker,Legions,LGN,81,,English,,,,,,,,11653,,"",$0.00,fea393a4-58c8-4a42-bd95-a3312504f2e2
1,0,Smokespew Invoker,Legions,LGN,81,,German,,,,,,,,11653,,"",$0.00,fea393a4-58c8-4a42-bd95-a3312504f2e2
1,0,Snapping Drake,Core Set 2020,M20,318,,German,,,,,,,,45186,,"",$0.00,ef46580c-a204-4b0b-8526-2310b1ca32b4
1,0,Snarling Undorak,Onslaught,ONS,283,,English,,,,,,,,11055,,"",$0.00,05788d63-6210-44f2-9ae4-e55e9507a3a9
1,0,Snorting Gahr,Mercadian Masques,MM,272,,German,,,,,,,,7070,,"",$0.00,e568503e-a886-4c8b-9d46-8520c2cdda48
2,0,Snuff Out,Mercadian Masques,MM,162,,English,,,,,,,,7047,,"",$0.00,18a3cca1-e50e-49b6-9e1a-f86640e3b177
1,0,Sootfeather Flock,Legions,LGN,82,,English,,,,,,,,11681,,"",$0.00,216a2ccc-8847-452b-b030-27d8506675bd
1,0,Soul Burn,Invasion,IN,124,,English,,,,,,,,8469,,"",$0.00,70515cd2-97d5-4491-a758-bc7188fdc6dc
1,0,Soul Feast,Tenth Edition,10E,179,,German,,,,,,,,2323,,"",$0.00,5d0a8d6d-8cd0-4dfe-9894-77eb60620884
1,0,Soul Scourge,Torment,TOR,85,,English,,,,,,,,9790,,"",$0.00,4aa7d91b-cfbb-4da0-97fa-3c0a15f1dbb9
1,0,Soul Scourge,Torment,TOR,85,,German,,,,,,,,9790,,"",$0.00,4aa7d91b-cfbb-4da0-97fa-3c0a15f1dbb9
2,0,Soul Strings,Prophecy,PR,78,,English,,,,,,,,8829,,"",$0.00,e34f9d1b-a89a-439f-8aa9-b96a1bf892eb
1,0,Soul Strings,Prophecy,PR,78,,German,,,,,,,,8829,,"",$0.00,e34f9d1b-a89a-439f-8aa9-b96a1bf892eb
1,0,Soul Warden,Magic 2010,M10,34,,German,,,,,,,,15916,,"",$0.00,6bbdd169-958f-42df-812d-f75fbed9576f
1,0,Soulless Revival,Champions of Kamigawa,CHK,144,,English,,,,,,,,13049,,"",$0.00,6b36712c-1ccb-4efe-8db8-823b9b80a99f
2,0,Sound the Call,Coldsnap,CSP,123,,German,,,,,,,,1247,,"",$0.00,ae586221-c13c-4f4e-83ae-9b1ab0aeae61
1,0,Sowing Salt,Betrayers of Kamigawa,BOK,118,,German,,,,,,,,14078,,"",$0.00,bd243ce5-152b-4d9c-991e-be56b6731d99
1,0,Spectral Bears,Anthologies,AT,53,,English,,,,,,,,23694,,"",$0.00,d4c234ed-0e5d-4074-ad95-bba1744aca9a
1,0,Spike Colony,Stronghold,ST,67,,English,,,,,,,,8081,,"",$0.00,a6ea4703-8521-4576-8405-4b923e0a9522
1,0,Spike Worker,Stronghold,ST,70,,English,,,,,,,,8103,,"",$0.00,2713de6c-b754-435c-8d11-5215fd602a40
3,0,Spined Basher,Onslaught,ONS,172,,English,,,,,,,,11162,,"",$0.00,4d0d666a-8e31-466c-937f-54df910f664e
1,0,Spined Basher,Onslaught,ONS,172,,German,,,,,,,,11162,,"",$0.00,4d0d666a-8e31-466c-937f-54df910f664e
1,0,Spined Wurm,Eighth Edition,8ED,279,,English,,,,,,,,2340,,"",$0.00,ba620b1b-d333-443b-961a-25f65ca49a1e
2,0,Spineless Thug,Tenth Edition,10E,180,,English,,,,,,,,2345,,"",$0.00,0221a713-2fdc-4ff0-abe3-1d340d272232
5,0,Spineless Thug,Tenth Edition,10E,180,,German,,,,,,,,2345,,"",$0.00,0221a713-2fdc-4ff0-abe3-1d340d272232
1,0,Spirit Weaver,Tenth Edition,10E,46,,German,,,,,,,,2777,,"",$0.00,286e436d-5c46-4a39-b773-99548befb9fa
1,0,Spitting Earth,Jumpstart,JMP,364,,English,,,,,,,,51372,,"",$0.00,de1aa8f9-8200-4ddd-9ab5-1a8181cc1792
1,0,Spitting Gourna,Onslaught,ONS,284,,English,,,,,,,,11159,,"",$0.00,746b98bf-5398-4a00-b4fe-a990ea9cfd77
1,0,Springing Tiger,Odyssey,OD,272,,English,,,,,,,,9912,,"",$0.00,04462629-fb03-40e8-84e6-4a66e4d5392b
1,0,Sprout,Time Spiral,TSP,221,,German,,,,,,,,1355,,"",$0.00,6967363f-1e05-4484-8790-47f7be68455c
1,0,Sprouting Vines,Commander 2013,C13,173,,English,,,,,,,,22031,,"",$0.00,b16ba7be-47e6-4c64-918d-bec60abccaa3
1,0,Squirming Mass,Urza's Destiny,CG,73,,German,,,,,,,,3930,,"",$0.00,e47793a3-9a98-4733-8d6a-2fb1a67b15c9
1,0,Stamina,Mercadian Masques,MM,277,,German,,,,,,,,7721,,"",$0.00,ed8abca3-6e31-49cd-b9bf-86ad68e1cc83
1,0,Stampeding Rhino,Welcome Deck 2017,W17,29,,German,,,,,,,,35560,,"",$0.00,cd02ae80-4af6-4da1-ba3b-b56068c49785
1,0,Steal Strength,Prophecy,PR,79,,English,,,,,,,,8831,,"",$0.00,5470b3bb-5061-4beb-9f44-b56c3b2fd816
1,0,Stinging Barrier,Mercadian Masques,MM,107,,German,,,,,,,,7022,,"",$0.00,ca7f7cd5-4e91-474a-9f60-a66f3f462b1c
2,0,Stone Kavu,Planeshift,PS,93,,German,,,,,,,,9282,,"",$0.00,36a1cdca-d48c-4936-ad6a-4610aeb991ce
1,0,Stone Rain,Strixhaven Mystical Archive,STA,45,,German,,,,,,,,56826,,"",$0.00,f60687e5-9384-4453-833e-2c76f25bfac5
1,0,Stone-Seeder Hierophant,Ravnica: City of Guilds,RAV,184,,English,,,,,,,,15442,,"",$0.00,f4e1b9f9-e58c-4474-9a31-8e5d9f96492e
1,0,Stonewood Invoker,Dominaria Remastered,DMR,178,,English,,,,,,,,73511,,"",$0.00,e4ea6aac-d42b-4522-b7a9-4c99ed9c14bd
1,0,Stormfront Pegasus,Welcome Deck 2017,W17,5,,English,,,,,,,,35567,,"",$0.00,c2e03297-3124-4f83-98ef-772fa213a422
1,0,Stormscape Apprentice,Invasion,IN,75,,German,,,,,,,,8407,,"",$0.00,1eb42f39-9187-44e4-aa34-14ab31977199
1,0,Strangling Soot,Time Spiral Remastered,TSR,140,,English,,,,,,,,55526,,"",$0.00,872d8f4d-6ee5-4494-9900-db62d3e4cedd
1,0,Strength of Unity,Invasion,IN,40,,German,,,,,,,,8377,,"",$0.00,1a9d4ff8-af35-413f-9aa2-f4c6e34fade2
1,0,Sudden Strength,Judgment,JUD,132,,English,,,,,,,,10582,,"",$0.00,e3ca1108-ccf2-48ea-8ca7-986aa45d5fe8
1,0,Sulfur Vent,Invasion,IN,328,,German,,,,,,,,8669,,"",$0.00,22c66ed6-55fb-4c65-aac4-26d9cc3053b8
1,0,Sundering Vitae,Ravnica: City of Guilds,RAV,185,,German,,,,,,,,15248,,"",$0.00,1ab15b40-c5c8-4d77-a4c0-982b6bf94267
1,0,Sunscape Apprentice,Invasion,IN,41,,German,,,,,,,,8368,,"",$0.00,a9d6bd19-77c9-4a1a-a2d5-6f9737693fea
1,0,Surging Dementia,Coldsnap,CSP,72,,German,,,,,,,,1344,,"",$0.00,1eb7cb72-24f7-433b-9858-26009189daaa
1,0,Surging Might,Coldsnap,CSP,125,,German,,,,,,,,1279,,"",$0.00,aa51adee-b343-4a03-8fa0-0d86244db5b7
1,0,Swat,Onslaught,ONS,174,,English,,,,,,,,11388,,"",$0.00,cec3a260-6c50-401d-a0ff-bf49a973e1a1
1,0,Sylvan Scrying,Modern Horizons 3 Commander,M3C,248,,German,,,,,,,,92103,,"",$0.00,d5f11a08-8324-461a-8dbd-ecef0e511dee
1,0,Sylvok Explorer,Commander 2016,C16,169,,English,,,,,,,,33837,,"",$0.00,3881e40f-5d10-4461-aa88-11ba33e5d510
1,0,Symbiotic Elf,Onslaught,ONS,288,,English,,,,,,,,10248,,"",$0.00,33af35c6-7802-4366-ad20-1e330b4957ef
3,0,Syphon Mind,Commander Legends: Battle for Baldur's Gate,CLB,772,,English,,,,,,,,65888,,"",$0.00,187502d9-c751-4967-adff-09d7a300d935
1,0,Syphon Soul,Conspiracy,CNS,127,,English,,,,,,,,24660,,"",$0.00,dc308882-1c12-4da0-8eae-caf4cc3d43e1
1,0,Tainted Well,Invasion,IN,126,,German,,,,,,,,9139,,"",$0.00,2eec00a1-7e12-42d2-8f46-de8ab7323c2c
3,0,Takenuma Bleeder,Jumpstart 2022,J22,475,,German,,,,,,,,71668,,"",$0.00,0d6e6918-7941-46f0-b6d7-83e0c95c6938
1,0,Tangle Asp,Fifth Dawn,5DN,94,,English,,,,,,,,13028,,"",$0.00,5e13ac56-72a9-4605-b389-24d1cb712b3c
1,0,Tangle Spider,Tenth Edition,10E,303,,English,,,,,,,,3041,,"",$0.00,8f1e75e1-a827-46c1-896f-cd8fbdf79fa8
1,0,Taste of Paradise,Alliances,AL,85,,English,,,,,,,,10120,,"",$0.00,a774c426-ec0e-48de-b00f-5a05cc6dc34b
1,0,Taunting Elf,Urza's Destiny,CG,122,,German,foil,,,,,,,11227,,"",$0.00,85bfa6b9-c898-4bb6-a444-6cf336bfb260
1,0,Tel-Jilad Archers,Mirrodin,MRD,131,,English,,,,,,,,12378,,"",$0.00,3a1fde33-e86a-4146-9c90-4616a5fc0868
1,0,Tel-Jilad Chosen,Mirrodin,MRD,132,,English,,,,,,,,12377,,"",$0.00,eefea84f-d657-491d-b60d-63e6a61e9eb2
1,0,Tel-Jilad Exile,Mirrodin,MRD,133,,German,,,,,,,,12973,,"",$0.00,e3529277-8409-45fe-9f29-64354597e918
1,0,Tel-Jilad Lifebreather,Fifth Dawn,5DN,96,,English,,,,,,,,13719,,"",$0.00,ee58a5ef-68ec-48cf-bb7e-73bcbe86cc3c
1,0,Tel-Jilad Outrider,Darksteel,DST,87,,English,,,,,,,,12376,,"",$0.00,1d811d8f-437b-4c9f-8ea2-c85590a07935
1,0,Tel-Jilad Wolf,Darksteel,DST,88,,English,,,,,,,,12379,,"",$0.00,ac40a1c6-88df-4f01-aa59-4ef3c6b57e75
1,0,Telepathy,Magic 2010,M10,74,,German,,,,,,,,15973,,"",$0.00,ce03b4b4-612b-4fc9-b063-b0d367712eaf
2,0,Tendrils of Corruption,Time Spiral Remastered,TSR,145,,German,,,,,,,,55531,,"",$0.00,c338b459-6bb8-4bc7-a6b5-945a09589c05
1,0,Terminate,Assassin's Creed,ACR,98,,German,,,,,,,,92605,,"",$0.00,c6c38679-5563-4390-ba1f-804731953206
5,0,Terramorphic Expanse,Aetherdrift Commander,drc,179,,German,,,,,,,,101108,,"",$0.00,ef995c58-19ea-4f09-b2c3-7bb476058ced
1,0,Terror,Dominaria Remastered,DMR,103,,English,,,,,,,,73436,,"",$0.00,a3870eba-4e8f-414d-817c-14ec97f6a93c
1,0,Thermal Glider,Mercadian Masques,MM,53,,German,,,,,,,,6997,,"",$0.00,fd909c26-930d-4af0-b19a-c899847338b4
1,0,Thornscape Apprentice,Duel Decks: Phyrexia vs. the Coalition,DDE,37,,English,,,,,,,,16804,,"",$0.00,ef276e2e-7e4d-48a0-af51-70cd843c6561
1,0,Thornscape Apprentice,Invasion,IN,215,,German,,,,,,,,8547,,"",$0.00,505da522-73a8-4232-ae1a-d3365f3e598f
1,0,Thornscape Familiar,Planeshift,PS,95,,German,,,,,,,,9045,,"",$0.00,76c6e426-6165-4f8e-8766-de768ae13452
1,0,Thresher Beast,Prophecy,PR,128,,English,,,,,,,,8874,,"",$0.00,57996732-c9e4-4271-9d5f-2a8c77f8d177
1,0,Thrull Surgeon,Exodus,EX,76,,English,,,,,,,,3244,,"",$0.00,d6e89bf1-42c9-4829-a565-78cac632810b
1,0,Thrull Surgeon,Tenth Edition,10E,183,,English,,,,,,,,3243,,"",$0.00,2d6fe257-b1bd-4eaf-9941-e8819f3bc89a
1,0,Thrull Surgeon,Tenth Edition,10E,183,,German,,,,,,,,3243,,"",$0.00,2d6fe257-b1bd-4eaf-9941-e8819f3bc89a
1,0,Tidal Bore,Mercadian Masques,MM,109,,German,,,,,,,,7029,,"",$0.00,f68fd547-59fb-41e6-be55-1ec17fe2840b
1,0,Titanic Bulvox,Scourge,SCG,129,,English,,,,,,,,12587,,"",$0.00,3f42c4d7-b555-449c-a539-119c1ae62232
1,0,Toxic Stench,Judgment,JUD,74,,English,,,,,,,,10722,,"",$0.00,8c4d1f59-0dba-4b83-8386-ae564fb4b771
1,0,Trained Armodon,Classic Sixth Edition,6E,257,,English,,,,,,,,14770,,"",$0.00,8f6956b1-148e-47cc-8f5b-ec31e5e8c030
1,0,Tranquil Path,Apocalypse,AP,89,,English,,,,,,,,9404,,"",$0.00,2da8c059-3309-49a5-ae97-c048aefc922f
1,0,Tranquility,Mercadian Masques,MM,280,,English,,,,,,,,1114,,"",$0.00,843e801e-1ceb-4e3f-82e6-3c092051ba8c
2,0,Tranquility,Seventh Edition,7E,276,,German,,,,,,,,1105,,"",$0.00,22b3f289-7999-4e47-82c6-a7c96293d4f8
1,0,Transluminant,Ravnica: Clue Edition,CLU,177,,English,,,,,,,,88167,,"",$0.00,2f28187b-2c99-4502-99d5-3a53ff3fa008
1,0,Treacherous Werewolf,Judgment,JUD,76,,English,,,,,,,,10678,,"",$0.00,c9647726-302b-4fc4-91d7-2aa0bba0b653
1,0,Treespring Lorian,Onslaught,ONS,293,,English,,,,,,,,11160,,"",$0.00,f525d7ce-37d3-4989-beb4-173447cb5294
1,0,Treetop Bracers,Tenth Edition,10E,304,,English,,,,,,,,2405,,"",$0.00,b84185d8-c058-4fe7-b46e-f5ca90e70f12
1,0,Tremor,Eighth Edition,8ED,228,,German,,,,,,,,12080,,"",$0.00,7d47f27d-5a25-4d2a-b2a2-027b579b881b
1,0,Trespasser il-Vec,Time Spiral Remastered,TSR,147,,English,,,,,,,,55533,,"",$0.00,278421ff-5324-44e5-b24f-dfbf9aa9b604
1,0,Treva's Ruins,Dominaria Remastered,DMR,260,,English,,,,,,,,73593,,"",$0.00,4f39366c-00df-4528-a324-6a89d0c53f0a
1,0,Turf Wound,Invasion,IN,177,,German,,,,,,,,8513,,"",$0.00,91392e9f-f96a-4ac5-b1f1-c73540cf249e
1,0,Turn to Dust,Mirrodin,MRD,137,,German,,,,,,,,12863,,"",$0.00,fcfcb643-bbd1-419a-b1a8-daae1062c8bc
1,0,Twisted Abomination,Aetherdrift Commander,drc,99,,German,,,,,,,,101028,,"",$0.00,99e81075-6f82-4cfb-8d49-07609f9882fa
1,0,Twisted Experiment,Dominaria Remastered,DMR,104,,English,,,,,,,,73437,,"",$0.00,655c26af-2b73-48fd-b7e3-ba217c9853d3
1,0,Tyrranax,Fifth Dawn,5DN,98,,English,,,,,,,,13024,,"",$0.00,5cb0cc0e-f71f-456f-a6ec-6a70cf838c35
1,0,Uktabi Orangutan,Classic Sixth Edition,6E,260,,English,,,,,,,,3784,,"",$0.00,b6a944ef-dbf2-47c9-a245-dfd2533a0680
1,0,Unburden,Amonkhet,AKH,114,,English,,,,,,,,35135,,"",$0.00,30d81da3-dc88-4cf7-ab9a-c8ade2cfa0e1
1,0,Undead Slayer,Magic 2010,M10,37,,German,,,,,,,,15917,,"",$0.00,3439568c-606e-4b95-b4fc-4d31e12ff30a
1,0,Undertaker,Mercadian Masques,MM,167,,English,,,,,,,,495,,"",$0.00,f615f531-e8af-4f7b-a4ea-fb962149093f
1,0,Unhinge,Torment,TOR,87,,German,,,,,,,,10663,,"",$0.00,b89deafd-cb7c-4da7-ab9b-8f795554a705
2,0,Urborg Phantom,Invasion,IN,132,,English,,,,,,,,8462,,"",$0.00,397355b9-5b67-4973-972e-3505c500d116
1,0,Urborg Skeleton,Invasion,IN,134,,English,,,,,,,,8464,,"",$0.00,6e522a62-fbca-4362-9006-d4356c525704
1,0,Urborg Syphon-Mage,Dominaria Remastered,DMR,106,,German,,,,,,,,73439,,"",$0.00,cf857d76-f2ca-4323-9611-cb20b9615202
1,0,Urborg Uprising,Dominaria Remastered,DMR,107,,English,,,,,,,,73440,,"",$0.00,497dedba-909a-4f1d-8b05-39c512007fbd
1,0,Vampire Hounds,Exodus,EX,77,,English,,,,,,,,13524,,"",$0.00,746bc301-9f08-4d9b-819e-690f6fce6bc8
1,0,Vendetta,Rise of the Eldrazi,ROE,130,,English,,,,,,,,16994,,"",$0.00,039fc76d-3b7e-4329-a997-07c25509e421
1,0,Vengeful Dead,Scourge,SCG,80,,German,,,,,,,,12345,,"",$0.00,7c11c11d-9809-4031-8cbc-21aef07d7f1f
1,0,Venomous Vines,Judgment,JUD,136,,German,,,,,,,,10715,,"",$0.00,db10359c-1ea8-4453-bc01-f638ad20a5ec
1,0,Vicious Betrayal,Fifth Dawn,5DN,60,,English,,,,,,,,13718,,"",$0.00,75ca003f-dc03-4533-a245-fde836aab5eb
1,0,Vicious Betrayal,Fifth Dawn,5DN,60,,German,,,,,,,,13718,,"",$0.00,75ca003f-dc03-4533-a245-fde836aab5eb
1,0,Vicious Hunger,Eighth Edition,8ED,171,,English,,,,,,,,11996,,"",$0.00,edf7cf9e-cb8d-49ae-af5b-0da7f283e677
1,0,Vigorous Charge,Invasion,IN,222,,German,,,,,,,,8560,,"",$0.00,af6f57ad-d370-4c81-8da0-c15d87725ab1
1,0,Vile Deacon,Legions,LGN,85,,English,,,,,,,,11827,,"",$0.00,b2641bd5-c845-47a1-8038-bb28b06f896e
3,0,Villainous Ogre,Champions of Kamigawa,CHK,148,,English,,,,,,,,14310,,"",$0.00,0277c1ba-eae4-442b-8b80-20869ba20568
1,0,Vine Trellis,Mercadian Masques,MM,285,,English,,,,,,,,12116,,"",$0.00,e660241f-0976-4206-8149-7dac8466a2a3
1,0,Vine Trellis,Eighth Edition,8ED,287,,German,,,,,,,,12115,,"",$0.00,ba462242-82de-4173-98d2-b1b7a1f3d8b4
1,0,Vintara Elephant,Prophecy,PR,131,,English,,,,,,,,8868,,"",$0.00,f99f7aef-7398-4e10-9f4e-68e7c294c101
1,0,Viridian Acolyte,Darksteel,DST,89,,English,,,,,,,,3939,,"",$0.00,64448241-978c-43e0-b0ea-b4bb3e25b715
1,0,Viridian Joiner,Mirrodin,MRD,138,,English,,,,,,,,12469,,"",$0.00,b50679df-bf82-4bb2-9fe3-8ebd7a9decde
1,0,Viscid Lemures,Time Spiral,TSP,141,,English,,,,,,,,853,,"",$0.00,863f04d7-da34-41e3-9153-97891a428889
1,0,Vitality Charm,Onslaught,ONS,296,,English,,,,,,,,11058,,"",$0.00,e1abae21-ed8f-4e21-b227-f721b840c11f
1,0,Vitalize,Classic Sixth Edition,6E,265,,English,,,,,,,,3752,,"",$0.00,435a4569-fa62-4e1a-b837-f68159cb270d
1,0,Vodalian Serpent,Invasion,IN,86,,German,,,,,,,,8411,,"",$0.00,92adcf6c-ab14-414c-a5cb-56feae048c84
1,0,Voice of Duty,Urza's Destiny,CG,23,,German,,,,,,,,3905,,"",$0.00,1c648e59-c872-4e04-b45f-2729b42410af
1,0,Wail of the Nim,Mirrodin,MRD,81,,English,,,,,,,,12754,,"",$0.00,a8c32faa-c6d1-418a-aed6-ccc5849daa1f
1,0,Waking Nightmare,Champions of Kamigawa,CHK,149,,English,,,,,,,,14188,,"",$0.00,1b892f31-816e-47c0-98b9-d71008bb6af4
1,0,Wall of Air,Classic Sixth Edition,6E,105,,English,,,,,,,,3145,,"",$0.00,1a99adbb-7723-4046-92af-95d6d21fae53
1,0,Wall of Bone,Magic 2010,M10,119,,German,,,,,,,,15850,,"",$0.00,f19d80ce-284a-4d22-9ea8-f8d480377212
1,0,Wall of Fire,Classic Sixth Edition,6E,216,,English,,,,,,,,3254,,"",$0.00,a5da58c5-51a9-4d4b-8b68-a21b6981602d
1,0,Wall of Frost,Magic 2010,M10,80,,English,,,,,,,,16059,,"",$0.00,17bc35a7-e38b-4c15-889a-d58c8b360315
1,0,Wall of Glare,Urza's Destiny,CG,25,,German,,,,,,,,3896,,"",$0.00,5f159193-fcf8-437c-b14a-06718a446a5c
1,0,Wandering Stream,Invasion,IN,224,,German,,,,,,,,8556,,"",$0.00,6da5cb6c-253b-44f0-98f9-d75f42c6e14b
1,0,War Tax,Mercadian Masques,MM,113,,German,,,,,,,,7666,,"",$0.00,e7c15159-8466-43e5-9dc5-a8cc94619931
1,0,Warmonger,Mercadian Masques,MM,225,,German,,,,,,,,7690,,"",$0.00,5577ac30-ee84-4d3c-b407-82578779dc90
1,0,Warpath Ghoul,Magic 2012,M12,117,,German,,,,,,,,18729,,"",$0.00,94785274-fa79-47cc-9896-0f5f695abb21
1,0,Warrior's Honor,Tenth Edition,10E,58,,English,,,,,,,,2429,,"",$0.00,09117d06-79e6-4f86-ba92-d1f8fe165147
1,0,Werebear,Dominaria Remastered,DMR,182,,German,,,,,,,,73515,,"",$0.00,973310bb-ab32-46dc-8f59-8a5d3e1c58cc
1,0,Whip Silk,Invasion,IN,225,,English,,,,,,,,8555,,"",$0.00,10566804-fd15-4ef0-ad7d-cc979f4cc8c5
1,0,Whip Vine,Alliances,AL,89,,English,,,,,,,,10124,,"",$0.00,4b66b9fe-47f1-4786-96d5-981d62012663
3,0,Whipstitched Zombie,Prophecy,PR,81,,English,,,,,,,,8827,,"",$0.00,9cd00b0b-2ac1-4926-a735-215f402ba1c4
1,0,Whipstitched Zombie,Prophecy,PR,81,,German,,,,,,,,8827,,"",$0.00,9cd00b0b-2ac1-4926-a735-215f402ba1c4
1,0,Wild Mongrel,Odyssey,OD,283,,German,,,,,,,,9828,,"",$0.00,5bb8dd5c-a79a-4afc-80b2-64645bb17a34
1,0,Windstorm,Khans of Tarkir,KTK,157,,German,,,,,,,,26321,,"",$0.00,154dc31c-ac9d-4b78-b92b-e7bacc532915
1,0,Winnow,Invasion,IN,45,,German,,,,,,,,8401,,"",$0.00,d61748dd-4010-47da-8717-ca0147877057
1,0,Wirewood Elf,Onslaught,ONS,301,,German,,,,,,,,11184,,"",$0.00,10a34e31-97f1-40e8-9d91-a8139af7f096
1,0,Wirewood Guardian,Scourge,SCG,132,,German,,,,,,,,11608,,"",$0.00,e8676b1f-e37c-4ae1-9dbe-d000369fa422
1,0,Wirewood Herald,Onslaught,ONS,302,,English,,,,,,,,4514,,"",$0.00,35724e9f-efa6-47e7-ab4d-7defe38ba576
1,0,Wirewood Pride,Onslaught,ONS,303,,English,,,,,,,,11189,,"",$0.00,a559e844-06c9-4953-bc2c-a58e4170fe47
2,0,Wirewood Savage,Onslaught,ONS,304,,German,,,,,,,,11147,,"",$0.00,99982622-98bc-45ae-8642-41cd543f32a8
2,0,Wood Elves,March of the Machine Commander,MOC,316,,English,,,,,,,,77816,,"",$0.00,527cf39d-29d1-4c19-9c49-ebf611ca15d5
2,0,Woodcloaker,Scourge,SCG,134,,English,,,,,,,,11638,,"",$0.00,4aa85e09-a1cd-473d-98cd-c6a7c7aff949
1,0,Woodland Druid,Odyssey,OD,284,,German,,,,,,,,9823,,"",$0.00,34e501e6-38da-44ad-abe2-53ea7f0eb4ae
1,0,Woolly Spider,Ice Age,IA,167,,German,,,,,,,,6006,,"",$0.00,e10520b2-b5a7-4328-84c8-20443b6f588a
1,0,Word of Blasting,Mercadian Masques,MM,228,,German,,,,,,,,7706,,"",$0.00,c5362ead-9162-4160-bfa9-432f7d0e222d
1,0,Wrench Mind,Mirrodin,MRD,84,,German,,,,,,,,12370,,"",$0.00,36ce975b-c3df-4472-a6c1-2546df11b74e
2,0,Wretched Anurid,Dominaria Remastered,DMR,109,,English,,,,,,,,73442,,"",$0.00,ed8635a8-9e12-4e15-b757-892d0154caea
1,0,Wretched Anurid,Dominaria Remastered,DMR,109,,German,,,,,,,,73442,,"",$0.00,ed8635a8-9e12-4e15-b757-892d0154caea
1,0,Wurmskin Forger,Mirrodin,MRD,140,,English,,,,,,,,12867,,"",$0.00,f14f303e-371b-47dd-bbb8-7f3e44ef9af0
1,0,Yavimaya Ancients,Deckmasters,DM,31,,English,,,,,,,,23756,,"",$0.00,
1,0,Yavimaya Barbarian,Invasion,IN,290,,English,,,,,,,,8595,,"",$0.00,8e17377d-4dad-4144-b0ce-c849636096a2
1,0,Yavimaya Elder,Duskmourn: House of Horror Commander,DSC,208,,German,,,,,,,,94890,,"",$0.00,27dacbde-a646-418c-b569-4a4f11c9faae
1,0,Zap,Invasion,IN,180,,German,,,,,,,,8516,,"",$0.00,7502ce01-b762-40fe-a064-c7b20b08a722
1,0,Zephyr Sprite,Magic 2010,M10,82,,German,,,,,,,,15939,,"",$0.00,b256f91a-e797-41d7-82a6-3dcd691bbeed
1,0,Zombie Assassin,Odyssey,OD,168,,German,,,,,,,,9791,,"",$0.00,c4649311-1300-42fb-ac10-90490756c7aa
1,0,Zombie Cutthroat,Scourge,SCG,81,,English,,,,,,,,11600,,"",$0.00,fe491cba-6ec7-4c44-ad1e-832d936986a0
1,0,Zombie Cutthroat,Scourge,SCG,81,,German,,,,,,,,11600,,"",$0.00,fe491cba-6ec7-4c44-ad1e-832d936986a0
1,0,Zombie Goliath,Conspiracy,CNS,135,,English,,,,,,,,24737,,"",$0.00,a4897302-7726-4827-9fa7-66ac0c264bd4

